user_id,first_name,last_name,gender,age,disability,budget_per_night,is_married,have_kids
0,Stacy,Tollow,Female,28,FAUX,215.5050,FAUX,FAUX
1,Karrah,Dalgleish,Female,49,FAUX,204.9100,VRAI,VRAI
2,Pascale,Jesteco,Male,46,VRAI,256.816,VRAI,VRAI
3,Eva,Maddison,Female,43,FAUX,217.74,VRAI,VRAI
4,Ashlee,Huntall,Female,19,VRAI,171.073,VRAI,VRAI
5,Leticia,Simecek,Female,47,FAUX,189.712,VRAI,VRAI
6,Garrett,MacCurlye,Male,51,VRAI,269.604,VRAI,FAUX
7,Ugo,Dunthorne,Male,24,FAUX,81.224,FAUX,FAUX
8,Tulley,Dennert,Male,67,FAUX,185.312,FAUX,FAUX
9,Leshia,Imlacke,Female,35,FAUX,152.32,FAUX,FAUX
10,Derby,Phillip,Male,26,FAUX,83.632,VRAI,VRAI
11,Cello,Vallery,Male,50,FAUX,183.448,VRAI,VRAI
12,Amble,Bezarra,Male,92,VRAI,189.927,VRAI,FAUX
13,Marve,Fairn,Male,42,FAUX,195.295,VRAI,VRAI
14,Mikkel,Tunstall,Male,29,FAUX,167.04,VRAI,VRAI
15,Mable,Defrain,Female,42,FAUX,337.59,VRAI,VRAI
16,Upton,Gatlin,Male,27,FAUX,160.472,FAUX,FAUX
17,Faulkner,Folks,Male,33,FAUX,148.03,FAUX,VRAI
18,Christie,Richings,Male,20,FAUX,189.49,VRAI,FAUX
19,Fanni,Tummons,Female,48,FAUX,155.205,VRAI,FAUX
20,Arther,Szymonwicz,Male,84,FAUX,150.829,VRAI,VRAI
21,Sallyann,Vaughan-Hughes,Female,68,FAUX,205.824,VRAI,VRAI
22,Lynnea,Sayse,Female,95,VRAI,229.554,VRAI,VRAI
23,Minda,Stidson,Female,38,FAUX,130.56,FAUX,FAUX
24,Marve,Minton,Male,78,FAUX,114.535,FAUX,FAUX
25,Deva,Ledur,Female,86,VRAI,225.58,VRAI,VRAI
26,Konrad,Nodin,Male,100,VRAI,221.8,VRAI,VRAI
27,Reamonn,Shadbolt,Male,82,FAUX,181.224,VRAI,VRAI
28,Ulrick,Gunney,Male,38,FAUX,286.371,VRAI,FAUX
29,Archaimbaud,Lorrain,Male,86,VRAI,184.114,VRAI,VRAI
30,Mill,Billo,Male,59,FAUX,129.436,VRAI,FAUX
31,Hewet,Claasen,Male,24,FAUX,118.535,VRAI,FAUX
32,Maia,Bissex,Female,61,FAUX,363.72,VRAI,FAUX
33,Magdaia,Potzold,Female,26,FAUX,197.568,FAUX,FAUX
34,Cart,Verni,Male,40,FAUX,450.23,VRAI,VRAI
35,Carmita,Ghiotto,Female,47,FAUX,353.11,VRAI,FAUX
36,Ettie,Raeburn,Female,19,FAUX,100.995,VRAI,VRAI
37,Erwin,McAughtry,Male,22,FAUX,120.186,FAUX,FAUX
38,Bob,Beatey,Male,20,FAUX,248.751,FAUX,FAUX
39,Maurise,Rigler,Male,51,FAUX,143.752,VRAI,FAUX
40,Johna,Paulus,Female,88,VRAI,141.519,VRAI,VRAI
41,Antony,Penniell,Male,25,VRAI,250,FAUX,FAUX
42,Christoph,Deeth,Male,39,FAUX,199.01,VRAI,VRAI
43,Edee,Sarton,Female,72,FAUX,81.064,VRAI,FAUX
44,Wynn,Franks,Male,46,FAUX,388.773,VRAI,FAUX
45,Dimitry,Carwardine,Male,22,FAUX,196.641,FAUX,FAUX
46,Matt,Gurg,Male,36,FAUX,164.562,VRAI,FAUX
47,Kellia,Pockett,Female,50,FAUX,332.376,FAUX,VRAI
48,Elfie,Speake,Female,57,VRAI,376.08,VRAI,FAUX
49,Orly,Aggis,Female,32,FAUX,87.04,FAUX,FAUX
50,Linnea,Angus,Female,75,FAUX,192.143,VRAI,FAUX
51,Natal,Canwell,Male,18,FAUX,169.12,FAUX,FAUX
52,Bryan,Sibylla,Male,100,VRAI,101.195,VRAI,VRAI
53,Lorine,Eveling,Female,27,VRAI,152.971,FAUX,FAUX
54,Kenn,Mewe,Male,31,VRAI,222.408,FAUX,FAUX
55,Bent,Guerri,Male,66,FAUX,336.71,VRAI,VRAI
56,Bidget,Guitton,Female,33,VRAI,152.32,FAUX,VRAI
57,Hort,Jory,Male,72,FAUX,159.432,VRAI,VRAI
58,Merell,Arnott,Male,56,FAUX,326.34,VRAI,VRAI
59,Cayla,Gomes,Female,33,FAUX,87.04,FAUX,FAUX
60,Rica,Dreghorn,Female,39,FAUX,87.04,VRAI,VRAI
61,Hally,Bunten,Female,55,FAUX,246.072,VRAI,VRAI
62,Garv,Dryburgh,Male,56,FAUX,386,VRAI,VRAI
63,Lucas,Hedworth,Male,24,VRAI,190.876,FAUX,FAUX
64,Serge,Doudney,Male,96,VRAI,138.645,FAUX,FAUX
65,Sherline,Hubatsch,Female,37,FAUX,130.56,VRAI,VRAI
66,Waverly,Joselevitz,Male,56,FAUX,401.09,VRAI,FAUX
67,Barry,Tamburo,Female,25,FAUX,135.456,FAUX,FAUX
68,Shirley,Cathel,Female,37,FAUX,195.84,FAUX,FAUX
69,Rickie,McAlpine,Male,57,FAUX,198.1,VRAI,VRAI
70,Guthrie,Klainman,Male,41,FAUX,266.287,VRAI,VRAI
71,Rafaellle,Lightwood,Male,38,FAUX,164.532,VRAI,VRAI
72,Ardyce,Hartle,Female,25,FAUX,157.008,FAUX,FAUX
73,Kimball,Doche,Male,57,FAUX,414.27,VRAI,VRAI
74,Arv,Gordge,Male,39,FAUX,343.25,VRAI,FAUX
75,Jamie,Stanger,Male,73,FAUX,214.98,VRAI,FAUX
76,Kimmy,Broseke,Female,72,FAUX,143.844,FAUX,FAUX
77,Marlin,Checchetelli,Male,86,VRAI,206.847,VRAI,FAUX
78,Boyd,Hartfleet,Male,26,FAUX,105.944,FAUX,FAUX
79,Phelia,Chatfield,Female,51,FAUX,289.341,VRAI,VRAI
80,Winfred,Synke,Male,35,FAUX,240.336,VRAI,VRAI
81,Elizabet,McRonald,Female,39,FAUX,195.84,FAUX,FAUX
82,Norris,Cremer,Male,72,FAUX,138.035,VRAI,VRAI
83,Bert,Cluely,Male,45,VRAI,275.616,VRAI,FAUX
84,Natalina,Greeno,Female,58,FAUX,380.45,VRAI,VRAI
85,Hilliary,Georgi,Female,25,FAUX,181.422,VRAI,VRAI
86,Aubree,Trafford,Female,29,FAUX,156.527,FAUX,FAUX
87,Bale,Geraudy,Male,29,FAUX,152.796,FAUX,FAUX
88,Currey,Fandrich,Male,64,FAUX,294.978,VRAI,FAUX
89,Lennie,Verecker,Male,50,FAUX,273.728,VRAI,FAUX
90,Ric,Rate,Male,45,FAUX,434.52,VRAI,FAUX
91,Munmro,Domenichelli,Male,92,VRAI,159.876,VRAI,FAUX
92,Dorene,Reuter,Female,19,FAUX,85.05,FAUX,FAUX
93,Jock,Baudrey,Male,45,FAUX,416.835,FAUX,FAUX
94,Retha,Bothie,Female,46,FAUX,224.826,VRAI,VRAI
95,Palmer,Chezier,Male,64,FAUX,384.16,VRAI,VRAI
96,Mareah,Giffaut,Female,38,FAUX,108.8,VRAI,VRAI
97,Stace,Relf,Female,52,FAUX,331.55,VRAI,VRAI
98,Killian,Varfolomeev,Male,83,FAUX,100.06,VRAI,FAUX
99,Emilie,Toohey,Female,20,FAUX,120.31,FAUX,FAUX
100,Nickie,Lochrie,Female,58,FAUX,156.272,FAUX,FAUX
101,Bjorn,Soro,Male,71,FAUX,138.54,VRAI,VRAI
102,Dennie,Mackrill,Female,28,FAUX,89.836,FAUX,FAUX
103,Worthy,Hounihan,Male,41,FAUX,299.016,VRAI,FAUX
104,Gasper,Wogden,Male,24,VRAI,179.704,FAUX,FAUX
105,Vivianna,Simao,Female,36,FAUX,108.8,FAUX,FAUX
106,Lyndsie,Handford,Female,20,FAUX,181.993,FAUX,FAUX
107,Dodie,Crilly,Female,68,FAUX,149.94,VRAI,VRAI
108,Elita,Pickerill,Female,74,FAUX,119.515,VRAI,VRAI
109,Roscoe,Beininck,Male,48,FAUX,380.36,VRAI,FAUX
110,Rosy,Eitter,Female,21,FAUX,146.658,FAUX,FAUX
111,Eloise,Hazzard,Female,95,FAUX,106.968,FAUX,FAUX
112,Jodie,Damrel,Female,59,FAUX,329.525,VRAI,FAUX
113,Vergil,Handke,Male,35,VRAI,160.645,VRAI,VRAI
114,Codie,Blakesley,Female,45,FAUX,247.384,VRAI,VRAI
115,Vally,Thornewell,Female,27,FAUX,126.7,VRAI,VRAI
116,Ozzy,Brechin,Male,82,FAUX,279.45,VRAI,FAUX
117,Brose,Ramet,Male,21,FAUX,179.333,FAUX,FAUX
118,Gal,Ferre,Male,31,FAUX,289.91,FAUX,FAUX
119,Bernard,Baudinet,Male,86,VRAI,160.464,VRAI,VRAI
120,Gustavus,Jerisch,Male,78,FAUX,195.597,VRAI,FAUX
121,Alayne,Clapson,Female,82,FAUX,82.344,FAUX,FAUX
122,Mart,Austen,Male,31,FAUX,154.932,FAUX,FAUX
123,Kariotta,Dishmon,Female,39,FAUX,108.8,VRAI,FAUX
124,Ingunna,Ponter,Female,73,FAUX,222.22,VRAI,VRAI
125,Brian,Phelipeau,Male,91,VRAI,130.632,VRAI,VRAI
126,Timmie,Sayton,Male,67,FAUX,163.752,VRAI,FAUX
127,Celestine,Brozek,Female,35,FAUX,217.6,FAUX,VRAI
128,Lorette,Tettley,Female,50,FAUX,244.59,VRAI,FAUX
129,Vance,Cordelle,Male,26,FAUX,187.92,FAUX,FAUX
130,Athene,Pietranek,Female,19,FAUX,221.85,FAUX,FAUX
131,Brandyn,Karim,Male,69,FAUX,185.857,VRAI,FAUX
132,Jannel,Pettwood,Female,22,FAUX,194.552,FAUX,FAUX
133,Winifield,Williment,Male,34,FAUX,233.766,FAUX,FAUX
134,Obed,Ciccarello,Male,28,FAUX,223.92,FAUX,FAUX
135,Tudor,Walsham,Male,89,VRAI,100.296,VRAI,VRAI
136,Madelaine,Burd,Female,55,VRAI,242.504,VRAI,VRAI
137,Dale,Goldstone,Male,54,FAUX,234.12,VRAI,FAUX
138,Ricardo,Lerner,Male,49,FAUX,395.77,VRAI,FAUX
139,Allie,Woodham,Female,55,FAUX,175.52,VRAI,VRAI
140,Louie,Sherrell,Male,28,FAUX,96.112,FAUX,FAUX
141,Ethan,Peplay,Male,33,FAUX,205.656,FAUX,VRAI
142,Beauregard,Capaldi,Male,31,FAUX,197.183,FAUX,FAUX
143,Reube,Jacobbe,Male,85,FAUX,150.605,VRAI,VRAI
144,Daisi,Buessen,Female,45,VRAI,335.8,VRAI,VRAI
145,Arlin,Sinnatt,Male,45,FAUX,249.894,VRAI,VRAI
146,Tiena,Kirkam,Female,56,FAUX,368.442,VRAI,VRAI
147,Hart,Axon,Male,94,FAUX,107.204,VRAI,VRAI
148,Judi,Landre,Female,84,FAUX,180.565,VRAI,VRAI
149,Tudor,Hiscoke,Male,26,FAUX,110.82,FAUX,FAUX
150,Emmet,Glasscoo,Male,38,FAUX,126.785,FAUX,FAUX
151,Daveta,Brugemann,Female,46,VRAI,245.145,VRAI,FAUX
152,Paulo,Diglin,Male,22,FAUX,164.759,FAUX,FAUX
153,Darelle,Isbell,Female,80,FAUX,258.31,VRAI,VRAI
154,Heath,Gatiss,Female,36,FAUX,130.56,FAUX,FAUX
155,Shanna,Dametti,Female,49,FAUX,276.056,VRAI,VRAI
156,Thibaut,Harty,Male,52,VRAI,357.52,FAUX,FAUX
157,Octavia,Allnatt,Female,20,FAUX,99.955,FAUX,FAUX
158,Iris,Switland,Female,36,FAUX,152.32,VRAI,VRAI
159,Domenico,Copson,Male,62,FAUX,348.016,VRAI,FAUX
160,Cinda,Lowensohn,Female,100,VRAI,104.144,VRAI,FAUX
161,Daveta,Giberd,Female,58,FAUX,187.248,VRAI,VRAI
162,Klarrisa,Battabee,Female,25,FAUX,260.86,FAUX,FAUX
163,Giovanna,Birkinshaw,Female,76,FAUX,141.75,VRAI,VRAI
164,Kristal,Farres,Female,87,VRAI,151.039,VRAI,VRAI
165,Rolf,Mathison,Male,24,FAUX,180.11,FAUX,FAUX
166,Gene,Lombard,Female,24,VRAI,152.887,FAUX,FAUX
167,Templeton,Sandaver,Male,98,VRAI,127.8,VRAI,VRAI
168,Lark,McSparran,Female,53,FAUX,475.07,VRAI,VRAI
169,Simmonds,Byway,Male,52,FAUX,319.544,VRAI,VRAI
170,Salmon,Cheales,Male,96,FAUX,113.99,VRAI,VRAI
171,Jade,Fontenot,Female,39,FAUX,108.8,VRAI,VRAI
172,Nadeen,Darrach,Female,52,VRAI,279.936,VRAI,FAUX
173,Chrysa,Deeming,Female,26,FAUX,87.145,FAUX,FAUX
174,Llywellyn,Tume,Male,23,FAUX,84.564,FAUX,FAUX
175,Anthe,Willson,Female,97,FAUX,175.832,VRAI,VRAI
176,Miof mela,Alderwick,Female,47,FAUX,231.096,VRAI,VRAI
177,Genna,Sankey,Female,35,FAUX,108.8,FAUX,FAUX
178,Bernette,Deluce,Female,41,FAUX,331.704,VRAI,VRAI
179,Andris,Brocklehurst,Male,50,FAUX,187.488,VRAI,VRAI
180,Merwyn,Dibbs,Male,46,FAUX,272.88,VRAI,VRAI
181,Stephani,Coursor,Female,49,FAUX,256.362,VRAI,VRAI
182,Haley,MacGill,Female,57,FAUX,159.245,VRAI,VRAI
183,Wolf,Woodcraft,Male,30,FAUX,140.47,VRAI,VRAI
184,Giustina,Dows,Female,89,VRAI,96.392,VRAI,VRAI
185,Eugine,Kernock,Female,61,FAUX,489.49,VRAI,FAUX
186,Burg,Rowlands,Male,63,FAUX,423.972,VRAI,VRAI
187,Tybalt,Gianilli,Male,90,VRAI,218.544,VRAI,VRAI
188,Rhea,Tzuker,Female,44,FAUX,122.504,VRAI,VRAI
189,Rowland,Marcq,Male,26,VRAI,109.45,FAUX,FAUX
190,Guilbert,Jenks,Male,63,FAUX,180.414,VRAI,VRAI
191,Abbie,Shefton,Male,26,VRAI,150.36,VRAI,FAUX
192,Duffie,Wellbank,Male,31,VRAI,249.55,FAUX,FAUX
193,Philippe,Gregorace,Female,62,FAUX,185.74,VRAI,FAUX
194,Lorri,Ritchard,Female,21,FAUX,109.815,FAUX,FAUX
195,Breena,Bierton,Female,50,FAUX,147.364,VRAI,FAUX
196,Sherline,Goracci,Female,20,FAUX,160.762,FAUX,FAUX
197,Edan,Frary,Male,99,FAUX,143.15,VRAI,FAUX
198,Vevay,Hayball,Female,33,VRAI,87.04,FAUX,FAUX
199,Cleavland,Jina,Male,31,FAUX,263.928,FAUX,FAUX
200,Lamont,Guerro,Male,91,VRAI,223.69,VRAI,VRAI
201,Valentin,Durward,Male,78,FAUX,163.59,VRAI,VRAI
202,Janela,Durdle,Female,46,FAUX,243.472,VRAI,FAUX
203,Selinda,Dutt,Female,86,VRAI,249.84,FAUX,FAUX
204,Chrisse,Chaloner,Male,48,FAUX,270.592,VRAI,FAUX
205,Tiffy,Keddy,Female,74,FAUX,120.745,FAUX,FAUX
206,Karen,De Mitri,Female,59,FAUX,283.984,VRAI,VRAI
207,Baxter,Cockley,Male,83,FAUX,271.04,VRAI,FAUX
208,Dermot,Jirieck,Male,61,FAUX,248.73,VRAI,FAUX
209,Natalee,Overbury,Female,37,FAUX,130.56,VRAI,VRAI
210,Nikos,Feast,Male,40,FAUX,246.21,VRAI,VRAI
211,Nesta,Scanes,Female,35,FAUX,174.08,VRAI,VRAI
212,Dasha,Worling,Female,34,VRAI,174.08,FAUX,FAUX
213,Fowler,Lavis,Male,76,FAUX,164.08,VRAI,VRAI
214,Andrei,Carnilian,Female,80,FAUX,106.496,VRAI,VRAI
215,Loydie,Sartin,Male,34,VRAI,187.012,VRAI,VRAI
216,Purcell,Ormesher,Male,86,VRAI,221.744,VRAI,FAUX
217,Mariann,Demeter,Female,35,FAUX,174.08,FAUX,FAUX
218,Chandra,Oldacres,Female,27,FAUX,119.034,FAUX,FAUX
219,Emmy,Matthews,Male,41,FAUX,445.22,VRAI,VRAI
220,Claribel,Royste,Female,74,FAUX,81.828,VRAI,FAUX
221,Tadeo,Druery,Male,22,FAUX,91.63,FAUX,FAUX
222,Dick,Van den Broek,Male,18,FAUX,112.64,FAUX,FAUX
223,Cchaddie,Berthomieu,Male,76,FAUX,119.18,VRAI,VRAI
224,Donielle,Winger,Female,55,VRAI,225.42,FAUX,FAUX
225,Noak,Jemmett,Male,28,FAUX,165.069,VRAI,VRAI
226,Neysa,Fishbourne,Female,43,VRAI,300.496,VRAI,VRAI
227,Kylie,Barbey,Female,43,FAUX,446.841,VRAI,VRAI
228,Tiff,Cino,Female,53,FAUX,260.85,FAUX,FAUX
229,Elsinore,Spinley,Female,39,FAUX,130.56,FAUX,FAUX
230,Harriet,Tetford,Female,72,FAUX,145.056,VRAI,VRAI
231,Ed,MacTrustrie,Male,39,FAUX,129.348,VRAI,FAUX
232,Iormina,Whordley,Female,36,FAUX,174.08,FAUX,FAUX
233,Vernon,Eldred,Male,63,FAUX,322.92,VRAI,FAUX
234,Niki,Adamsky,Female,29,VRAI,91.288,FAUX,FAUX
235,Petr,Gibson,Male,40,FAUX,157.64,FAUX,FAUX
236,Patrizio,Chaplin,Male,32,FAUX,149.136,VRAI,VRAI
237,Ronald,Siaspinski,Male,73,FAUX,146.682,VRAI,VRAI
238,Nat,Heinert,Male,48,FAUX,316.568,VRAI,VRAI
239,Arte,Muffitt,Male,60,FAUX,430.62,VRAI,VRAI
240,Florentia,Tippler,Female,37,FAUX,108.8,VRAI,VRAI
241,Milo,Whitnell,Male,67,FAUX,133.77,VRAI,VRAI
242,Chad,Simcock,Male,59,FAUX,277.875,VRAI,VRAI
243,Giselle,Morde,Female,53,FAUX,215.105,VRAI,VRAI
244,Archy,Speke,Male,45,FAUX,358.56,VRAI,VRAI
245,Samaria,Haylock,Female,29,FAUX,187.191,FAUX,FAUX
246,Sisely,Nacey,Female,75,FAUX,145.584,VRAI,VRAI
247,Kimberlee,Buxcy,Female,26,FAUX,120.075,FAUX,FAUX
248,Tommy,Gadney,Female,58,FAUX,174.885,VRAI,FAUX
249,Warden,Cella,Male,25,FAUX,275.17,VRAI,FAUX
250,Emery,Fisby,Male,77,FAUX,179.837,FAUX,FAUX
251,Kathlin,Creamer,Female,58,FAUX,274.689,VRAI,FAUX
252,Abbe,Rontsch,Female,73,FAUX,219.555,VRAI,VRAI
253,Paxton,Readitt,Male,51,FAUX,333.64,VRAI,FAUX
254,Lissie,Harle,Female,92,VRAI,167.562,VRAI,VRAI
255,Gypsy,Drinkall,Female,54,FAUX,240.498,VRAI,VRAI
256,Guillermo,Grishankov,Male,24,FAUX,169.776,FAUX,FAUX
257,Ernestus,Salmons,Male,31,FAUX,135.9,FAUX,FAUX
258,Priscilla,Knevet,Female,18,FAUX,212.87,FAUX,FAUX
259,Dredi,Zuenelli,Female,43,FAUX,210.623,VRAI,FAUX
260,Randolf,Millery,Male,22,FAUX,220.059,FAUX,FAUX
261,Dodi,Cuthbert,Female,96,VRAI,215.51,VRAI,FAUX
262,Timoteo,Denekamp,Male,25,FAUX,165.708,VRAI,VRAI
263,Marissa,Beazey,Female,21,FAUX,210.087,FAUX,FAUX
264,Hadleigh,Braznell,Male,25,FAUX,148.698,FAUX,FAUX
265,Jim,MacManus,Male,77,FAUX,130.548,VRAI,VRAI
266,Annaliese,Fone,Female,38,FAUX,152.32,VRAI,FAUX
267,Ania,Stoffer,Female,35,FAUX,87.04,VRAI,FAUX
268,Meredeth,Arrandale,Male,27,FAUX,219.784,VRAI,VRAI
269,Delila,Forsyde,Female,37,FAUX,195.84,FAUX,FAUX
270,Angeli,Faulo,Male,57,FAUX,184.53,VRAI,FAUX
271,Scarlett,Willatt,Female,48,VRAI,173.552,VRAI,VRAI
272,Jedediah,Holdin,Male,74,FAUX,102.54,VRAI,FAUX
273,Gallagher,De la Harpe,Male,86,FAUX,146.538,VRAI,VRAI
274,Dag,Sopper,Male,51,FAUX,488.96,FAUX,FAUX
275,Quintana,O' Cloney,Female,23,FAUX,254.29,VRAI,VRAI
276,Sheffield,Yakebovich,Male,54,FAUX,151.33,VRAI,VRAI
277,Orren,Stanley,Male,58,FAUX,363.114,VRAI,VRAI
278,Georgeta,Towns,Female,48,FAUX,267.786,VRAI,FAUX
279,Karlan,Jaycock,Male,33,FAUX,158.55,FAUX,FAUX
280,Khalil,Moorcraft,Male,22,FAUX,233.98,FAUX,FAUX
281,Colleen,Gimert,Female,75,FAUX,201.042,VRAI,VRAI
282,Carlie,Giovanazzi,Female,19,VRAI,211.46,VRAI,VRAI
283,Guillema,Melledy,Female,20,VRAI,116.49,FAUX,VRAI
284,Nora,Stratford,Female,99,VRAI,147.102,VRAI,VRAI
285,Liam,Seelbach,Male,58,FAUX,430.66,VRAI,VRAI
286,Theresita,Dowding,Female,33,FAUX,195.84,VRAI,VRAI
287,Raffaello,Gallo,Male,36,VRAI,264.848,VRAI,VRAI
288,Allianora,Hindsberg,Female,99,VRAI,164.288,VRAI,VRAI
289,Jody,Defau,Male,45,FAUX,246.405,VRAI,VRAI
290,Baird,Roux,Male,42,FAUX,284.68,FAUX,VRAI
291,Noel,Drew-Clifton,Male,79,FAUX,124.79,VRAI,VRAI
292,Isabelle,Whartonby,Female,40,FAUX,182.64,VRAI,VRAI
293,Gaelan,Worthy,Male,58,FAUX,169.956,VRAI,VRAI
294,Kev,Cremin,Male,59,FAUX,179.24,VRAI,FAUX
295,Marijn,Missen,Male,37,FAUX,302.95,VRAI,FAUX
296,Selestina,Negro,Female,36,FAUX,108.8,VRAI,VRAI
297,Dory,Lavens,Male,54,FAUX,342.7,VRAI,VRAI
298,Maegan,Worster,Female,24,FAUX,173.511,FAUX,FAUX
299,Renelle,Firidolfi,Female,96,VRAI,168.344,VRAI,FAUX
300,Esra,Derobert,Male,96,FAUX,236.412,VRAI,FAUX
301,Enrique,Dovermann,Male,38,FAUX,268.04,VRAI,VRAI
302,Rurik,Greenough,Male,25,FAUX,86.812,VRAI,VRAI
303,Gisele,Hellikes,Female,26,FAUX,149.226,FAUX,FAUX
304,Gunilla,Stoner,Female,35,VRAI,108.8,FAUX,FAUX
305,Leodora,Tynewell,Female,61,FAUX,393.25,VRAI,FAUX
306,Lemmy,Corsan,Male,42,FAUX,223.302,VRAI,VRAI
307,Meredith,Gagie,Female,67,FAUX,236.565,VRAI,FAUX
308,Tricia,Deller,Female,22,VRAI,178.848,FAUX,FAUX
309,Yulma,Garmston,Male,69,FAUX,203.319,VRAI,VRAI
310,Darsie,Puffett,Female,49,FAUX,203.412,VRAI,VRAI
311,Shannon,Garey,Female,45,FAUX,248.77,VRAI,VRAI
312,Joelie,Rajchert,Female,40,FAUX,385.456,VRAI,VRAI
313,Eliot,Leadbetter,Male,18,FAUX,153.968,FAUX,FAUX
314,Kylie,Milbourne,Female,54,FAUX,205.764,VRAI,VRAI
315,Trescha,Shelton,Female,44,FAUX,156.888,VRAI,VRAI
316,Michel,Brighouse,Male,88,FAUX,167.272,FAUX,FAUX
317,June,Capstake,Female,37,FAUX,87.04,FAUX,FAUX
318,Brandise,Gierek,Female,52,FAUX,379.552,VRAI,VRAI
319,Andriana,Bickerton,Female,46,FAUX,348.56,VRAI,VRAI
320,Earl,Fleckness,Male,78,FAUX,126.018,VRAI,VRAI
321,Archer,Espinola,Male,94,VRAI,128.04,VRAI,FAUX
322,Deanna,Edon,Female,42,FAUX,143.924,VRAI,FAUX
323,Dillie,MacGaffey,Male,52,FAUX,287.91,FAUX,FAUX
324,Biddy,Burr,Female,27,VRAI,143.752,FAUX,FAUX
325,Lenora,Lints,Female,50,VRAI,270.921,VRAI,FAUX
326,Kerry,Sproston,Male,49,FAUX,156.548,VRAI,VRAI
327,Auberon,Bungey,Male,79,FAUX,206.864,VRAI,VRAI
328,Maribel,Jacklin,Female,23,FAUX,103.34,FAUX,FAUX
329,Morganne,Mattack,Female,58,FAUX,459.97,VRAI,VRAI
330,Lamar,Enrietto,Male,77,FAUX,90.148,VRAI,FAUX
331,Daron,Huniwall,Male,36,VRAI,217.896,FAUX,FAUX
332,Rolland,Valiant,Male,99,VRAI,248.94,VRAI,VRAI
333,Sibbie,Pomphrett,Female,52,FAUX,152.492,VRAI,FAUX
334,Elwood,Speakman,Male,50,FAUX,254.58,VRAI,VRAI
335,Jerrie,Ricket,Male,71,FAUX,110.43,FAUX,FAUX
336,Maryann,Padilla,Female,100,VRAI,99.16,VRAI,VRAI
337,Alix,Bergstrand,Female,98,VRAI,170.611,VRAI,VRAI
338,Miner,De Winton,Male,45,FAUX,205.135,VRAI,VRAI
339,Collen,Cavilla,Female,84,FAUX,161.098,VRAI,VRAI
340,Baldwin,Morrid,Male,86,VRAI,101.245,FAUX,FAUX
341,Marlowe,Verity,Male,23,FAUX,109.775,FAUX,FAUX
342,Elberta,Mabbot,Female,66,FAUX,262.224,VRAI,VRAI
343,Andee,Jackman,Female,40,FAUX,164.688,VRAI,VRAI
344,Fred,Carneck,Male,36,FAUX,136.472,VRAI,VRAI
345,Dolores,Seers,Female,66,FAUX,372.81,VRAI,VRAI
346,Moreen,Hort,Female,44,VRAI,171.975,VRAI,VRAI
347,Juieta,Plak,Female,31,FAUX,130.56,FAUX,FAUX
348,Hewitt,Skeemor,Male,53,FAUX,253.192,VRAI,FAUX
349,Adelind,Poluzzi,Female,51,FAUX,339.318,VRAI,FAUX
350,Kyle,Wilkins,Male,51,FAUX,135.856,VRAI,VRAI
351,Conan,Bannister,Male,80,FAUX,200.952,VRAI,VRAI
352,Jessamyn,Darker,Female,22,FAUX,119.34,FAUX,FAUX
353,Joanne,Davidovsky,Female,54,FAUX,444.3,VRAI,FAUX
354,Harris,Martinuzzi,Male,42,FAUX,197.802,VRAI,VRAI
355,Giraud,Merkel,Male,59,FAUX,412.83,VRAI,FAUX
356,Tannie,Redemile,Male,92,VRAI,173.024,FAUX,FAUX
357,Giavani,Landon,Male,32,FAUX,147.516,FAUX,FAUX
358,Cull,Juares,Male,56,VRAI,346.703,VRAI,FAUX
359,Edd,Pero,Male,36,VRAI,268.576,VRAI,VRAI
360,Petr,Monkley,Male,21,FAUX,183.001,FAUX,FAUX
361,Fons,Grishanov,Male,32,FAUX,234.416,VRAI,FAUX
362,May,Gilcriest,Female,77,FAUX,144.774,VRAI,VRAI
363,Meyer,O'Flannery,Male,32,FAUX,140.005,FAUX,FAUX
364,Stefano,Luddy,Male,95,VRAI,104.212,VRAI,VRAI
365,Brande,Deelay,Female,44,VRAI,250.586,VRAI,VRAI
366,Zenia,Jansie,Female,33,VRAI,217.6,FAUX,FAUX
367,Davis,Chree,Male,93,FAUX,152.598,VRAI,FAUX
368,Creigh,Coucha,Male,55,VRAI,458.28,VRAI,VRAI
369,Hewe,Fawdry,Male,48,FAUX,395.2,VRAI,VRAI
370,Roley,Longcake,Male,25,FAUX,153.16,VRAI,FAUX
371,Pepillo,Senton,Male,18,FAUX,196.12,FAUX,FAUX
372,Kassey,Blanchet,Female,56,FAUX,347.704,VRAI,VRAI
373,Murry,Spilling,Male,24,FAUX,162.408,FAUX,FAUX
374,Sauveur,Farley,Male,92,VRAI,101.744,VRAI,FAUX
375,Maryann,Hudghton,Female,31,VRAI,108.8,VRAI,FAUX
376,Grantham,Shead,Male,84,FAUX,92.252,VRAI,VRAI
377,Levin,Whyman,Male,25,FAUX,185.07,FAUX,FAUX
378,Welbie,Rawstorn,Male,36,FAUX,255.4,VRAI,FAUX
379,Heda,Barhems,Female,21,FAUX,125.28,FAUX,FAUX
380,Boothe,Raiman,Male,64,FAUX,344.408,VRAI,VRAI
381,Greta,Brave,Female,23,FAUX,116.865,VRAI,VRAI
382,Leonore,Sherebrooke,Female,53,FAUX,375.32,FAUX,VRAI
383,Cozmo,Reeken,Male,29,FAUX,210.97,FAUX,FAUX
384,Desi,Glentz,Male,42,FAUX,214.36,VRAI,VRAI
385,Nat,Wilkerson,Male,99,VRAI,247.023,VRAI,VRAI
386,Whitney,Hansberry,Male,34,FAUX,322.49,VRAI,FAUX
387,Hy,Minucci,Male,83,FAUX,185.458,VRAI,VRAI
388,Luciano,Piercy,Male,44,FAUX,332.104,VRAI,VRAI
389,Nara,Nurse,Female,47,FAUX,346.581,VRAI,VRAI
390,Petunia,Pfeffer,Female,77,FAUX,179.248,VRAI,VRAI
391,Ulrika,McSorley,Female,21,FAUX,248.23,FAUX,FAUX
392,Phillipp,Ankrett,Male,61,FAUX,302.912,VRAI,VRAI
393,Sandie,Hillen,Female,39,FAUX,130.56,VRAI,VRAI
394,Lucky,Shaylor,Female,42,FAUX,295.832,VRAI,FAUX
395,Vilma,Henker,Female,27,FAUX,199.77,FAUX,FAUX
396,Cordie,Clibbery,Female,65,FAUX,418.356,VRAI,VRAI
397,Cristobal,Gallaher,Male,23,FAUX,240.61,FAUX,FAUX
398,Mair,Kellart,Female,92,VRAI,171.073,VRAI,VRAI
399,Vickie,Ends,Female,25,FAUX,84.684,FAUX,FAUX
400,Garry,Fowgies,Male,80,FAUX,96.956,VRAI,FAUX
401,Vannie,Yerbury,Female,30,FAUX,152.32,FAUX,FAUX
402,Cleveland,Bothwell,Male,52,FAUX,392.48,VRAI,VRAI
403,Maren,Headley,Female,34,FAUX,108.8,VRAI,FAUX
404,Evered,Beadon,Male,43,FAUX,451.45,VRAI,VRAI
405,Bernard,Thynn,Male,81,FAUX,148.308,VRAI,FAUX
406,Dulcy,Dady,Female,39,FAUX,87.04,VRAI,FAUX
407,Nancey,Cuolahan,Female,57,FAUX,152.884,VRAI,VRAI
408,Kale,McGinty,Male,44,FAUX,309.744,VRAI,FAUX
409,Ronald,Cotherill,Male,86,FAUX,185.936,VRAI,FAUX
410,Lenci,Bebb,Male,42,FAUX,374.63,VRAI,VRAI
411,Gonzalo,Poynter,Male,47,VRAI,344.128,VRAI,VRAI
412,Cullan,Egdell,Male,49,FAUX,235.501,VRAI,FAUX
413,Cinda,Plewes,Female,50,FAUX,283.703,VRAI,VRAI
414,Libbey,Gatsby,Female,40,VRAI,380.151,VRAI,VRAI
415,Ilyssa,Clementson,Female,93,VRAI,106.505,VRAI,VRAI
416,Licha,Dunk,Female,44,FAUX,427.104,VRAI,FAUX
417,Luise,Gladdolph,Female,32,FAUX,108.8,VRAI,VRAI
418,Elberta,Kalisz,Female,45,FAUX,195.888,VRAI,VRAI
419,Joye,Bubeer,Female,99,VRAI,224.09,VRAI,VRAI
420,Norbie,Burdis,Male,96,VRAI,140.455,VRAI,VRAI
421,Winston,Storrs,Male,78,FAUX,245.952,VRAI,VRAI
422,Rudolph,Ferneyhough,Male,45,VRAI,187.636,VRAI,VRAI
423,Iggy,Ricciardiello,Male,51,FAUX,345.807,VRAI,VRAI
424,Mayer,Beagen,Male,44,FAUX,372.654,VRAI,VRAI
425,Ninon,McGeechan,Female,83,FAUX,183.504,VRAI,FAUX
426,Jone,Genn,Male,50,FAUX,240.6,VRAI,FAUX
427,Laney,Challicum,Female,29,VRAI,175.04,FAUX,FAUX
428,Vin,Kitchingham,Male,95,VRAI,95.144,VRAI,VRAI
429,Phillie,Keller,Female,36,FAUX,108.8,VRAI,FAUX
430,Patrice,Shortin,Male,33,FAUX,195.894,VRAI,VRAI
431,Shermy,Richold,Male,87,VRAI,184.5,VRAI,FAUX
432,Ferrel,Bielefeld,Male,21,FAUX,160.096,FAUX,FAUX
433,Sunshine,Casely,Female,46,FAUX,210.015,VRAI,FAUX
434,Giuseppe,Rowen,Male,63,FAUX,235.266,VRAI,FAUX
435,Robinetta,Swallow,Female,98,VRAI,110.824,VRAI,FAUX
436,Nels,Martina,Male,57,FAUX,489.26,VRAI,VRAI
437,Yolande,Gerren,Female,65,FAUX,213.258,VRAI,VRAI
438,Berty,Tanman,Female,18,VRAI,111.528,FAUX,FAUX
439,Stern,Filippi,Male,44,FAUX,262.2,FAUX,FAUX
440,Vittorio,Yellep,Male,98,VRAI,107.048,VRAI,FAUX
441,Martino,Abley,Male,93,FAUX,162.09,FAUX,FAUX
442,Michell,Enevoldsen,Female,67,FAUX,126.696,VRAI,VRAI
443,Cello,Beane,Male,38,FAUX,183.072,VRAI,FAUX
444,Foster,Fontes,Male,75,FAUX,138.235,VRAI,VRAI
445,Siusan,Weddeburn,Female,43,FAUX,246.462,VRAI,VRAI
446,Bertram,Mac Geaney,Male,37,VRAI,233.555,VRAI,VRAI
447,Valentin,Petren,Male,43,FAUX,156.068,VRAI,VRAI
448,Vale,Conquest,Male,23,FAUX,166.176,FAUX,FAUX
449,Freda,Tatterton,Female,39,FAUX,174.08,VRAI,FAUX
450,Laurette,Elcoate,Female,32,FAUX,195.84,VRAI,FAUX
451,Shena,Coldbath,Female,48,FAUX,196.675,VRAI,FAUX
452,Claudius,Wolford,Male,54,VRAI,144.34,VRAI,FAUX
453,Emanuele,Baptista,Male,26,FAUX,223.587,VRAI,VRAI
454,Judon,Snookes,Male,82,FAUX,220.088,VRAI,VRAI
455,Micaela,Bison,Female,30,FAUX,152.32,FAUX,VRAI
456,Byrle,Dyers,Male,35,FAUX,251.991,VRAI,VRAI
457,Joelly,MacGillavery,Female,23,FAUX,119.83,FAUX,FAUX
458,Hayes,Moscrop,Male,18,FAUX,103.592,FAUX,FAUX
459,Ole,Gatheral,Male,49,FAUX,282.583,VRAI,FAUX
460,Agnese,Simionescu,Female,92,FAUX,121.062,VRAI,FAUX
461,Loralie,Rosiello,Female,74,FAUX,87.308,FAUX,FAUX
462,Evered,Gollard,Male,38,FAUX,122.06,VRAI,FAUX
463,Lyndsey,Mathou,Female,42,VRAI,282.048,VRAI,VRAI
464,Dayle,Emer,Female,34,FAUX,174.08,FAUX,FAUX
465,Rania,Attenbarrow,Female,57,FAUX,183.504,VRAI,VRAI
466,Cameron,Chattock,Male,20,VRAI,137.6,FAUX,FAUX
467,Garrard,O'Loghlen,Male,31,FAUX,296.94,FAUX,FAUX
468,Catie,Dunning,Female,49,FAUX,273.105,VRAI,VRAI
469,Kassie,Arthan,Female,59,VRAI,307.968,VRAI,VRAI
470,Betsey,Tolussi,Female,32,FAUX,217.6,FAUX,FAUX
471,Wendeline,Rimbault,Female,55,FAUX,121.716,VRAI,FAUX
472,Padriac,Wands,Male,21,FAUX,210.456,FAUX,FAUX
473,Devlen,Dorracott,Male,48,FAUX,198.248,VRAI,FAUX
474,Levy,Matusovsky,Male,27,FAUX,215.19,FAUX,FAUX
475,Wade,Sandland,Male,37,FAUX,228.87,VRAI,VRAI
476,Stirling,Jenkins,Male,59,FAUX,268.821,VRAI,FAUX
477,Salomon,Rowter,Male,78,FAUX,185.085,VRAI,VRAI
478,Haleigh,Breitling,Male,21,FAUX,227.87,FAUX,FAUX
479,Veronique,Windrum,Female,48,FAUX,165.352,VRAI,VRAI
480,Donaugh,Keysel,Male,74,FAUX,137.74,FAUX,FAUX
481,Nikkie,Pauling,Female,31,FAUX,108.8,FAUX,FAUX
482,Ginnie,Cuff,Female,73,FAUX,237.23,VRAI,VRAI
483,Janel,MacKartan,Female,22,FAUX,187.236,FAUX,FAUX
484,Regina,Tures,Female,67,FAUX,249.78,VRAI,VRAI
485,Shem,Rivelon,Male,43,FAUX,157.02,VRAI,VRAI
486,Tyson,Staig,Male,61,FAUX,214.16,VRAI,VRAI
487,Gregg,Phillput,Male,51,FAUX,255.06,VRAI,FAUX
488,Cale,Aspinell,Male,52,VRAI,174.252,VRAI,VRAI
489,Fielding,Knatt,Male,30,VRAI,200.272,FAUX,FAUX
490,Ethan,Castelin,Male,30,FAUX,265.216,VRAI,VRAI
491,Pammy,Rollason,Female,56,FAUX,361.888,VRAI,FAUX
492,Fifine,Tremouille,Female,87,VRAI,218.736,VRAI,FAUX
493,Way,Klimkovich,Male,24,VRAI,176.925,FAUX,FAUX
494,Massimiliano,Strange,Male,21,VRAI,173.096,FAUX,FAUX
495,Nanine,Grabbam,Female,44,FAUX,215.395,VRAI,VRAI
496,Jaimie,Allmond,Male,53,FAUX,222.444,VRAI,FAUX
497,Dorri,Sheaf,Female,93,VRAI,276.54,VRAI,FAUX
498,Mela,Thursfield,Female,50,FAUX,191.718,VRAI,VRAI
499,Shay,Harback,Male,53,FAUX,413.748,VRAI,VRAI
500,Boy,Realff,Male,38,FAUX,247.87,VRAI,VRAI
501,Walker,Lightowlers,Male,39,FAUX,267.008,VRAI,FAUX
502,Blanch,Astin,Female,21,FAUX,125.454,FAUX,FAUX
503,Alanah,Collinson,Female,57,FAUX,169.308,FAUX,FAUX
504,Jammal,Parmenter,Male,47,FAUX,333.942,VRAI,VRAI
505,Ben,Bonnesen,Male,90,FAUX,255.46,VRAI,FAUX
506,Linea,Tinton,Female,21,FAUX,90.628,FAUX,FAUX
507,Jessee,Debrick,Male,99,VRAI,114.89,VRAI,FAUX
508,Rhiamon,Doore,Female,42,FAUX,153.008,VRAI,VRAI
509,Kristos,Oultram,Male,23,FAUX,79.4,FAUX,FAUX
510,Parke,Philippou,Male,53,FAUX,305.977,VRAI,FAUX
511,Manuel,Bulfoy,Male,47,FAUX,192.042,VRAI,VRAI
512,Wynne,Giroldi,Female,35,FAUX,108.8,VRAI,VRAI
513,Meredith,Joost,Male,71,FAUX,219.456,FAUX,FAUX
514,Lek,Labet,Male,98,VRAI,187,FAUX,FAUX
515,Tiebout,Patmore,Male,51,FAUX,193.6,VRAI,FAUX
516,Daryl,Stillgoe,Female,94,VRAI,172.704,VRAI,FAUX
517,Barbabas,McGraffin,Male,98,VRAI,181.323,VRAI,VRAI
518,Katy,Keynd,Female,20,FAUX,132.616,FAUX,FAUX
519,Simone,Simoncelli,Male,24,FAUX,220.626,FAUX,FAUX
520,Derward,McPhilemy,Male,73,FAUX,218.637,VRAI,VRAI
521,Giuseppe,Flux,Male,88,VRAI,129.288,VRAI,VRAI
522,Elisabetta,Robbings,Female,57,FAUX,281.232,VRAI,VRAI
523,Olvan,Backsal,Male,41,FAUX,204.48,VRAI,FAUX
524,Cassie,Bassam,Female,36,FAUX,130.56,VRAI,VRAI
525,Crystal,Bruno,Female,63,FAUX,196.475,VRAI,VRAI
526,Ebenezer,Diviny,Male,19,FAUX,222.432,FAUX,FAUX
527,Charita,Silverson,Female,25,FAUX,148.977,FAUX,FAUX
528,Virgil,Sazio,Male,25,FAUX,232.911,FAUX,FAUX
529,Harmon,Klimochkin,Male,47,FAUX,323.57,VRAI,VRAI
530,Obie,Geck,Male,19,FAUX,107.896,FAUX,FAUX
531,Mandie,Beadon,Female,59,VRAI,213.924,VRAI,VRAI
532,Grata,Dran,Female,67,FAUX,244.935,VRAI,VRAI
533,Tonie,Alentyev,Female,67,FAUX,127.068,VRAI,VRAI
534,Wolfy,Ventham,Male,37,FAUX,167.112,VRAI,FAUX
535,Devondra,Haverty,Female,83,FAUX,125.84,VRAI,VRAI
536,Molly,Simeoni,Female,49,FAUX,340.368,VRAI,FAUX
537,Giselle,Trippitt,Female,29,FAUX,168.126,FAUX,VRAI
538,Tripp,Barff,Male,52,FAUX,169.76,VRAI,VRAI
539,Melessa,Ferrarin,Female,58,FAUX,147.488,VRAI,VRAI
540,Leigh,Mellonby,Male,44,FAUX,323.708,FAUX,FAUX
541,Gail,Collyns,Female,36,VRAI,130.56,VRAI,VRAI
542,Brian,Rigeby,Male,50,FAUX,405.162,VRAI,VRAI
543,Nichole,Brereton,Female,89,VRAI,253.24,VRAI,VRAI
544,Deborah,Riep,Female,52,FAUX,222.835,VRAI,VRAI
545,Amata,Raffon,Female,46,FAUX,362.74,FAUX,FAUX
546,Alexandro,Wigginton,Male,89,FAUX,165.324,VRAI,VRAI
547,Ettie,Dallicott,Female,47,FAUX,214.536,VRAI,VRAI
548,Phoebe,Winsor,Female,71,FAUX,125.208,VRAI,VRAI
549,Fairfax,Hounson,Male,63,FAUX,197.958,VRAI,VRAI
550,Veda,Bareham,Female,90,VRAI,239.61,FAUX,FAUX
551,Antony,Iwanowski,Male,44,FAUX,432.79,VRAI,FAUX
552,Crista,Ablett,Female,20,FAUX,179.28,FAUX,FAUX
553,Karole,Perton,Female,23,VRAI,84.764,FAUX,FAUX
554,Evan,Todd,Male,54,FAUX,177.05,VRAI,VRAI
555,Chrissy,McCahill,Male,45,FAUX,190.328,VRAI,VRAI
556,Susann,Rutter,Female,39,FAUX,174.08,FAUX,FAUX
557,Frederica,Jedrzejkiewicz,Female,43,FAUX,220.591,VRAI,VRAI
558,Hobard,Copsey,Male,84,FAUX,231.984,VRAI,VRAI
559,Edee,Lievesley,Female,37,VRAI,130.56,VRAI,VRAI
560,Randi,Curr,Female,19,FAUX,106.254,FAUX,FAUX
561,Adrienne,Waterdrinker,Female,89,FAUX,221.52,VRAI,VRAI
562,Aluin,Coomber,Male,18,FAUX,128.576,FAUX,FAUX
563,Marianna,Pulhoster,Female,73,FAUX,197.392,VRAI,VRAI
564,Felisha,Siggens,Female,47,FAUX,298.182,VRAI,FAUX
565,Haily,Roydon,Male,29,FAUX,130.144,FAUX,FAUX
566,Eleanora,Geekie,Female,24,FAUX,125.544,FAUX,FAUX
567,Tymothy,Seccombe,Male,45,FAUX,471.86,VRAI,VRAI
568,Izaak,Hellwing,Male,63,FAUX,272.64,VRAI,FAUX
569,Tiebold,Van den Oord,Male,18,FAUX,111.368,FAUX,FAUX
570,Avie,Alexandrescu,Female,32,FAUX,152.32,FAUX,FAUX
571,Rowen,House,Male,70,FAUX,103.548,VRAI,VRAI
572,Meredith,Britto,Male,43,FAUX,300.47,VRAI,VRAI
573,Lolita,Reidie,Female,73,FAUX,97.996,VRAI,FAUX
574,Benton,Dury,Male,31,FAUX,139.17,FAUX,FAUX
575,Katharyn,LeEstut,Female,86,VRAI,209.673,VRAI,VRAI
576,Martin,Beevers,Male,20,FAUX,162.6,FAUX,FAUX
577,Elsa,Aris,Female,50,FAUX,288.06,VRAI,VRAI
578,Wake,Burkin,Male,77,FAUX,94.68,VRAI,FAUX
579,Man,Duckwith,Male,98,VRAI,100.895,FAUX,FAUX
580,Amalie,Kinsey,Female,56,FAUX,189.232,VRAI,FAUX
581,Gelya,Magnus,Female,21,VRAI,184.656,FAUX,FAUX
582,Karin,Oleksinski,Female,56,FAUX,283.232,VRAI,VRAI
583,Florry,Trustrie,Female,84,FAUX,110.925,VRAI,FAUX
584,Teador,Ridesdale,Male,42,FAUX,165.905,VRAI,VRAI
585,Celia,Cuttin,Female,43,VRAI,195.245,VRAI,VRAI
586,Jeane,Lathaye,Female,58,VRAI,442.5,VRAI,VRAI
587,Gunter,Underwood,Male,37,FAUX,191.676,VRAI,VRAI
588,Garwin,Dumberell,Male,57,VRAI,396.088,FAUX,FAUX
589,Tadeas,Ithell,Male,33,FAUX,172.347,FAUX,FAUX
590,Spenser,Heinreich,Male,50,FAUX,238.045,VRAI,VRAI
591,Sansone,Dybbe,Male,88,VRAI,87.7,VRAI,VRAI
592,Emlen,Yewdall,Male,22,VRAI,236.03,FAUX,FAUX
593,Margalo,Fereday,Female,34,FAUX,174.08,FAUX,FAUX
594,Haven,Raigatt,Male,45,FAUX,347.54,FAUX,FAUX
595,Boonie,Chilcott,Male,72,FAUX,251.01,VRAI,VRAI
596,Melloney,Rieme,Female,65,FAUX,236.215,VRAI,VRAI
597,Dottie,Whelpton,Female,85,VRAI,93.18,VRAI,VRAI
598,Dorotea,Ride,Female,41,FAUX,439.29,VRAI,FAUX
599,Hedvig,Spanswick,Female,34,FAUX,152.32,FAUX,FAUX
600,Gertrudis,Sherwill,Female,40,FAUX,167.908,VRAI,VRAI
601,Minta,Comi,Female,65,FAUX,367.15,VRAI,VRAI
602,Janina,Feaveryear,Female,18,FAUX,159.033,FAUX,FAUX
603,Guenevere,Glanister,Female,49,FAUX,227.46,VRAI,VRAI
604,Donica,Cromack,Female,79,FAUX,208.008,VRAI,VRAI
605,Paulo,Beesley,Male,76,FAUX,162.522,VRAI,VRAI
606,Risa,Gajownik,Female,47,FAUX,339.88,VRAI,VRAI
607,Violet,Kleinstub,Female,82,FAUX,153.979,VRAI,VRAI
608,Theresina,Middleditch,Female,95,VRAI,200.728,VRAI,VRAI
609,Mile,Ketts,Male,25,FAUX,99.648,FAUX,FAUX
610,Marc,Stiff,Male,26,VRAI,177.966,FAUX,FAUX
611,Jereme,Nix,Male,43,FAUX,173.415,VRAI,VRAI
612,Fidelity,Kulver,Female,50,FAUX,219.737,VRAI,FAUX
613,Reinold,Sivil,Male,20,VRAI,98.17,FAUX,FAUX
614,Paige,MacGillespie,Female,60,FAUX,165.216,FAUX,FAUX
615,Layton,Fintoph,Male,69,FAUX,269.15,VRAI,FAUX
616,Eve,Le Marquis,Female,38,VRAI,217.6,VRAI,VRAI
617,Joane,Kleinmintz,Female,59,FAUX,153.735,VRAI,FAUX
618,Edwina,Zollner,Female,56,FAUX,283.068,VRAI,FAUX
619,Adrienne,Surgey,Female,22,FAUX,218.061,FAUX,FAUX
620,Sidonnie,Heaton,Female,43,FAUX,181.1,VRAI,VRAI
621,Gwendolin,Metterick,Female,49,FAUX,306.803,VRAI,VRAI
622,Darci,Jenno,Female,73,FAUX,133.848,VRAI,VRAI
623,Jackquelin,Leavry,Female,31,FAUX,217.6,VRAI,VRAI
624,Marilee,Elsmore,Female,98,VRAI,248.148,VRAI,VRAI
625,Tibold,Slot,Male,37,FAUX,343.68,VRAI,VRAI
626,Erastus,Chaplain,Male,100,VRAI,182.024,VRAI,FAUX
627,Bart,Keasy,Male,21,FAUX,80.16,FAUX,FAUX
628,Giuseppe,Nendick,Male,24,FAUX,142.555,FAUX,FAUX
629,Ophelie,Crafts,Female,66,FAUX,492.07,VRAI,FAUX
630,Roana,Goodale,Female,62,FAUX,334.179,VRAI,VRAI
631,Justus,Looby,Male,85,VRAI,143.778,FAUX,FAUX
632,Minor,Brookzie,Male,75,FAUX,249.948,VRAI,VRAI
633,Esdras,McElhargy,Male,27,FAUX,114.59,FAUX,FAUX
634,Mercedes,Berzon,Female,25,FAUX,234.32,VRAI,VRAI
635,Conney,Crawcour,Male,58,FAUX,308.567,VRAI,VRAI
636,Paxon,Segar,Male,57,FAUX,187.412,VRAI,VRAI
637,Isaak,Allworthy,Male,57,VRAI,410.058,VRAI,FAUX
638,Evanne,Coyne,Female,27,FAUX,86.424,VRAI,VRAI
639,Mychal,Marc,Male,76,FAUX,105.852,VRAI,FAUX
640,Elmo,Fairhurst,Male,94,FAUX,170.84,FAUX,FAUX
641,Dianemarie,Patria,Female,74,FAUX,137.37,FAUX,FAUX
642,Sibby,Tessyman,Female,37,FAUX,174.08,FAUX,FAUX
643,Deva,Hegdonne,Female,71,FAUX,213.456,VRAI,FAUX
644,Barret,Jendrusch,Male,28,VRAI,248.085,FAUX,FAUX
645,Rafaela,Gerrietz,Female,54,VRAI,289.88,VRAI,FAUX
646,Hartwell,Fonteyne,Male,84,FAUX,133.884,VRAI,VRAI
647,Elsy,Aleixo,Female,29,FAUX,182.565,VRAI,VRAI
648,Marjory,Crosdill,Female,85,FAUX,182.688,VRAI,VRAI
649,Marlo,Kenner,Male,52,FAUX,150.324,VRAI,VRAI
650,Winston,Geroldo,Male,58,FAUX,242.328,VRAI,FAUX
651,Netti,Wherton,Female,28,FAUX,98.068,VRAI,VRAI
652,Si,Rippon,Male,24,FAUX,73.544,FAUX,FAUX
653,Prinz,Esel,Male,83,FAUX,213.939,VRAI,VRAI
654,Wyn,Dunster,Male,56,FAUX,159.755,VRAI,VRAI
655,Standford,Stitson,Male,23,FAUX,92.788,FAUX,FAUX
656,Kally,Filoniere,Female,31,VRAI,195.84,FAUX,FAUX
657,Englebert,Grene,Male,51,VRAI,296.094,VRAI,VRAI
658,Verena,Mayou,Female,54,FAUX,135.792,VRAI,VRAI
659,Amitie,Radoux,Female,81,FAUX,106.17,VRAI,VRAI
660,Kesley,Flewan,Female,47,FAUX,321.33,VRAI,FAUX
661,Monroe,Shilstone,Male,53,FAUX,218.35,VRAI,VRAI
662,Tiertza,Denne,Female,83,FAUX,215.28,VRAI,VRAI
663,Salomo,Gritten,Male,30,FAUX,165.045,FAUX,FAUX
664,Gregorio,Lauret,Male,32,FAUX,182.917,FAUX,FAUX
665,Ardyth,Fazackerley,Female,70,FAUX,137.04,VRAI,VRAI
666,Rivkah,Wethey,Female,71,FAUX,220.83,VRAI,FAUX
667,Murray,Fleckness,Male,33,FAUX,297.59,FAUX,FAUX
668,Palmer,Hursey,Male,55,FAUX,330.95,VRAI,FAUX
669,Joscelin,Gilstoun,Female,73,FAUX,142.2,VRAI,VRAI
670,Jefferey,Averall,Male,58,FAUX,454.51,VRAI,VRAI
671,Murvyn,Mewton,Male,31,FAUX,188.748,FAUX,FAUX
672,Wang,Norcliffe,Male,22,FAUX,155.886,FAUX,FAUX
673,Rodd,Boodle,Male,41,VRAI,135.596,VRAI,VRAI
674,Tonnie,Lilliman,Male,50,VRAI,312.69,VRAI,VRAI
675,Judie,Pavia,Female,30,FAUX,152.32,FAUX,FAUX
676,Hymie,Alabone,Male,50,FAUX,193.818,VRAI,VRAI
677,Ewan,Lamden,Male,68,FAUX,98.548,VRAI,VRAI
678,Robinette,Kiellor,Female,48,FAUX,164.465,VRAI,VRAI
679,Lovell,Plows,Male,31,FAUX,175.206,FAUX,FAUX
680,Salvador,Buterton,Male,56,FAUX,155.18,VRAI,FAUX
681,Wally,Hammerstone,Male,47,VRAI,309.631,VRAI,VRAI
682,Norrie,Scrafton,Male,19,VRAI,118.975,FAUX,FAUX
683,Lotte,Hopkynson,Female,49,FAUX,316.141,VRAI,FAUX
684,Cristabel,Buchanan,Female,49,VRAI,167.76,VRAI,VRAI
685,Armand,Druitt,Male,54,FAUX,274.14,VRAI,VRAI
686,Fran,Frarey,Female,31,FAUX,130.56,VRAI,VRAI
687,Lenka,Bottom,Female,39,VRAI,108.8,VRAI,FAUX
688,Richie,Ranahan,Male,19,FAUX,210.069,FAUX,FAUX
689,Kev,De Cruce,Male,37,FAUX,177.192,VRAI,VRAI
690,Beulah,Harcombe,Female,82,FAUX,183.456,VRAI,VRAI
691,Eustacia,Ginner,Female,55,FAUX,325.832,VRAI,VRAI
692,Luise,Towersey,Female,78,FAUX,199.485,VRAI,VRAI
693,Theadora,Rembrandt,Female,59,VRAI,409.428,FAUX,FAUX
694,Marchall,Letty,Male,36,FAUX,245.52,VRAI,FAUX
695,Mariellen,Human,Female,22,FAUX,81.99,FAUX,FAUX
696,Bunny,Inold,Female,76,FAUX,132.288,VRAI,VRAI
697,Filip,Bradberry,Male,59,FAUX,144.068,VRAI,VRAI
698,Tarra,Crusham,Female,48,FAUX,291.216,VRAI,VRAI
699,Maggy,Corby,Female,81,FAUX,194.243,VRAI,VRAI
700,Gery,Holtum,Male,48,VRAI,280.356,VRAI,VRAI
701,Odie,Pettie,Male,20,FAUX,179.298,FAUX,FAUX
702,Augustus,Cathenod,Male,96,VRAI,198.424,VRAI,VRAI
703,Nikolaus,Ivashinnikov,Male,71,FAUX,120.432,VRAI,VRAI
704,Damita,McCumesky,Female,66,FAUX,140.804,VRAI,VRAI
705,Terencio,Thorne,Male,35,FAUX,229.32,VRAI,VRAI
706,Kora,Orwin,Female,46,FAUX,165.065,VRAI,VRAI
707,Dacie,Curgenuer,Female,53,VRAI,197.984,VRAI,VRAI
708,Locke,McCarney,Male,26,FAUX,89.152,FAUX,FAUX
709,Jed,Pawelski,Male,21,FAUX,154.665,FAUX,FAUX
710,Anabelle,Tubbs,Female,42,FAUX,279.768,VRAI,FAUX
711,Dallas,Toy,Male,54,FAUX,247.303,VRAI,VRAI
712,Carol-jean,Wollacott,Female,77,FAUX,186.501,VRAI,VRAI
713,Thain,Bortolomei,Male,48,FAUX,196.548,FAUX,FAUX
714,Ilario,Willingham,Male,25,VRAI,208.44,VRAI,VRAI
715,Melly,Hirschmann,Female,89,VRAI,130.585,VRAI,VRAI
716,Craggie,Geany,Male,59,FAUX,182.694,FAUX,FAUX
717,Peggie,Benesevich,Female,59,FAUX,248.384,VRAI,FAUX
718,Siward,Fishbie,Male,35,FAUX,258.534,VRAI,FAUX
719,Mannie,Krammer,Male,67,FAUX,219.267,VRAI,FAUX
720,Shanan,Rabjohn,Male,23,FAUX,268.1,FAUX,FAUX
721,Koren,Cantle,Female,38,FAUX,174.08,VRAI,FAUX
722,Ty,Scrammage,Male,62,FAUX,332.24,VRAI,VRAI
723,Mathew,Tremethack,Male,31,FAUX,154.104,FAUX,FAUX
724,Danie,Pellington,Male,62,FAUX,146.76,VRAI,VRAI
725,Nickolas,Bloxam,Male,26,FAUX,181.188,FAUX,FAUX
726,Crosby,Southernwood,Male,47,FAUX,311.787,VRAI,VRAI
727,Jose,Depport,Male,72,FAUX,139.275,VRAI,VRAI
728,Berky,Shovelbottom,Male,48,FAUX,189.402,FAUX,FAUX
729,Daniella,Gehring,Female,26,FAUX,86.555,FAUX,FAUX
730,Smitty,Kelemen,Male,55,FAUX,212.772,VRAI,VRAI
731,Brittany,Glaze,Female,23,FAUX,132.032,VRAI,VRAI
732,Werner,Sillwood,Male,43,FAUX,215.656,VRAI,VRAI
733,Nester,Spiers,Male,57,FAUX,244.535,VRAI,FAUX
734,Catina,Doog,Female,43,FAUX,243.054,VRAI,FAUX
735,Wolfgang,Kirton,Male,43,VRAI,278.16,VRAI,FAUX
736,Casey,Snadden,Male,57,FAUX,191.816,VRAI,FAUX
737,Woodie,Kinsley,Male,41,FAUX,276.186,VRAI,VRAI
738,Eachelle,Maddock,Female,35,FAUX,195.84,VRAI,VRAI
739,Isaac,Borland,Male,79,FAUX,138.15,VRAI,VRAI
740,Gothart,Broggetti,Male,20,VRAI,187.336,FAUX,FAUX
741,Ailee,Tuckley,Female,47,FAUX,160.28,VRAI,FAUX
742,Ewan,Griffitts,Male,38,FAUX,180.93,FAUX,FAUX
743,Nealy,Ridgers,Male,49,FAUX,302.481,VRAI,FAUX
744,Bronnie,Coolahan,Male,25,FAUX,247.248,FAUX,FAUX
745,Blakeley,Rymer,Female,38,FAUX,87.04,VRAI,VRAI
746,Angeli,Geard,Male,78,FAUX,209.208,FAUX,FAUX
747,Lilah,Brandes,Female,59,FAUX,175.984,FAUX,FAUX
748,Brannon,O'Caherny,Male,43,FAUX,300.087,VRAI,FAUX
749,Darrell,Hatfield,Male,50,FAUX,164.232,VRAI,FAUX
750,Duffy,Gaytor,Male,33,FAUX,133.36,VRAI,VRAI
751,Alaric,Farnham,Male,46,FAUX,271.392,FAUX,FAUX
752,Jethro,Harpin,Male,60,FAUX,348.964,VRAI,FAUX
753,Linc,Casarili,Male,87,VRAI,188.853,VRAI,VRAI
754,Cordula,Buntin,Female,76,FAUX,214.408,VRAI,FAUX
755,Reagan,Ritzman,Male,19,FAUX,164.5,FAUX,FAUX
756,Ulick,Jane,Male,75,FAUX,176.328,VRAI,VRAI
757,Renado,Brundale,Male,37,VRAI,298.062,FAUX,VRAI
758,Arri,Crosi,Male,20,FAUX,101.15,FAUX,FAUX
759,Adele,Haill,Female,23,FAUX,161.73,FAUX,FAUX
760,Shandee,Coghlan,Female,41,FAUX,193.668,VRAI,VRAI
761,Terry,Birks,Male,49,FAUX,217.512,FAUX,FAUX
762,Chelsea,Teasdale,Female,97,VRAI,167.196,FAUX,FAUX
763,Conway,Koopman,Male,50,FAUX,298.092,FAUX,FAUX
764,Krishna,Cardinal,Male,95,VRAI,168.889,VRAI,VRAI
765,Rowland,Fosserd,Male,35,VRAI,274.68,VRAI,FAUX
766,Alidia,Hemshall,Female,43,VRAI,238.931,VRAI,VRAI
767,Lucille,Jeves,Female,65,FAUX,226.91,FAUX,FAUX
768,Billie,Langdon,Male,28,FAUX,173.369,FAUX,FAUX
769,Dell,Hambatch,Female,34,VRAI,217.6,VRAI,VRAI
770,Carmencita,Weeds,Female,30,FAUX,87.04,FAUX,FAUX
771,Karoline,Sinnott,Female,84,FAUX,101.832,VRAI,VRAI
772,Otis,Parrington,Male,56,FAUX,362.853,VRAI,VRAI
773,Celisse,Maycock,Female,53,FAUX,273.64,VRAI,VRAI
774,Roana,Brookhouse,Female,18,FAUX,113.645,FAUX,FAUX
775,Ulises,Killich,Male,58,VRAI,342.146,VRAI,VRAI
776,Sioux,Floch,Female,54,FAUX,367.34,VRAI,VRAI
777,Noby,Heinicke,Male,50,FAUX,198.964,VRAI,VRAI
778,Sean,Briatt,Male,42,VRAI,234.594,VRAI,VRAI
779,Carolyn,Clyburn,Female,92,VRAI,233.3,VRAI,FAUX
780,Zonda,Sanders,Female,48,FAUX,166.995,VRAI,FAUX
781,Cesar,Marcinkus,Male,31,FAUX,133.416,FAUX,FAUX
782,Aigneis,Theakston,Female,36,FAUX,174.08,FAUX,FAUX
783,Danette,Walsh,Female,56,FAUX,216.86,VRAI,FAUX
784,Konstanze,Holligan,Female,71,FAUX,249.273,VRAI,FAUX
785,Creigh,Molen,Male,21,VRAI,111.372,FAUX,FAUX
786,Ezra,Quartly,Male,81,FAUX,108.28,VRAI,VRAI
787,Gwenora,Dalligan,Female,49,FAUX,186.018,VRAI,VRAI
788,Darwin,Lanning,Male,51,FAUX,330.432,FAUX,FAUX
789,Pincus,Pulham,Male,76,FAUX,114.98,FAUX,FAUX
790,Kirsten,Sheircliffe,Female,90,VRAI,88.548,VRAI,FAUX
791,Johanna,Fenty,Female,47,FAUX,295.26,FAUX,FAUX
792,Madelaine,Strelitzki,Female,20,VRAI,137.872,FAUX,FAUX
793,Edita,Giorgiutti,Female,22,VRAI,199.719,FAUX,FAUX
794,Ginevra,Hutchison,Female,57,FAUX,269.388,VRAI,FAUX
795,Margot,Maleney,Female,98,FAUX,168.469,VRAI,FAUX
796,Elvira,Allmann,Female,53,FAUX,208.884,FAUX,FAUX
797,Eudora,Reekie,Female,52,FAUX,421.51,VRAI,VRAI
798,Ursuline,Luther,Female,45,FAUX,287.272,VRAI,FAUX
799,Cynde,Orbine,Female,55,FAUX,259.574,VRAI,VRAI
800,Job,McVie,Male,24,FAUX,201.348,VRAI,VRAI
801,Tiffanie,Warbey,Female,53,FAUX,342.53,VRAI,VRAI
802,Maurizia,Veld,Female,93,VRAI,158.07,VRAI,VRAI
803,Beverlie,Klarzynski,Female,45,VRAI,189.048,VRAI,VRAI
804,Mattias,Phebee,Male,49,FAUX,248.29,VRAI,VRAI
805,Tommy,Fansy,Male,38,FAUX,123.5,VRAI,VRAI
806,Hailee,Stodd,Female,44,FAUX,206.4,VRAI,VRAI
807,Erasmus,Slewcock,Male,54,FAUX,319.904,VRAI,VRAI
808,Lin,Coot,Female,97,VRAI,106.465,VRAI,VRAI
809,Teddy,Villaron,Female,21,FAUX,202.97,FAUX,FAUX
810,Galven,Glayzer,Male,92,VRAI,147.091,VRAI,VRAI
811,Rey,Antonognoli,Female,74,FAUX,190.939,VRAI,VRAI
812,Dag,Criag,Male,90,VRAI,100.508,FAUX,FAUX
813,Cos,Tebb,Male,30,FAUX,112.472,VRAI,VRAI
814,Hilly,Ducroe,Male,18,FAUX,230.08,VRAI,FAUX
815,Dorry,Minnock,Female,86,VRAI,220.35,VRAI,VRAI
816,Sophronia,Derr,Female,97,VRAI,119.685,VRAI,VRAI
817,Flemming,Rawlings,Male,36,FAUX,263.51,VRAI,FAUX
818,Ruddy,Iacovone,Male,32,FAUX,254.176,VRAI,VRAI
819,Chelsea,Villa,Female,51,FAUX,265.884,VRAI,FAUX
820,Angelle,Harradine,Female,56,FAUX,224.51,VRAI,VRAI
821,Lainey,Balassa,Female,80,FAUX,204.46,VRAI,VRAI
822,Kennie,Aiers,Male,54,VRAI,354.888,FAUX,FAUX
823,Shelia,Hurdedge,Female,86,VRAI,226.656,VRAI,FAUX
824,Lee,Wenn,Female,42,FAUX,322.896,VRAI,VRAI
825,Fran,Harriday,Male,31,FAUX,178.338,VRAI,FAUX
826,Myrtice,Blazewicz,Female,45,FAUX,381.98,VRAI,VRAI
827,Elwin,Ghidini,Male,30,VRAI,245.466,VRAI,VRAI
828,Orton,Jahnisch,Male,23,VRAI,192.456,FAUX,FAUX
829,Goldie,Dodds,Female,94,VRAI,148.26,VRAI,VRAI
830,Lavina,Benbough,Female,41,FAUX,304.003,VRAI,VRAI
831,Garnet,Jemmison,Female,43,FAUX,260.904,VRAI,VRAI
832,Heddi,Blockey,Female,79,FAUX,153.942,VRAI,VRAI
833,Yorgos,Hindsberg,Male,26,FAUX,202.696,FAUX,FAUX
834,Dode,Whittlesee,Female,38,FAUX,174.08,VRAI,FAUX
835,Lidia,Gourdon,Female,52,FAUX,275.107,VRAI,FAUX
836,Bibbie,Stoppe,Female,89,FAUX,143.5,VRAI,VRAI
837,Reeva,Triggel,Female,49,VRAI,312.662,VRAI,FAUX
838,Ruddy,McIlvoray,Male,47,FAUX,215.698,VRAI,VRAI
839,Gardie,Ivanaev,Male,23,FAUX,78.512,FAUX,FAUX
840,Waly,Lghan,Female,85,FAUX,138.7,VRAI,VRAI
841,Delmer,Braunle,Male,22,FAUX,131.383,FAUX,FAUX
842,Alasteir,Lambregts,Male,50,FAUX,262.423,VRAI,VRAI
843,Jordan,Figliovanni,Female,46,FAUX,242.592,VRAI,VRAI
844,Rhoda,Robinet,Female,38,FAUX,87.04,VRAI,FAUX
845,Estell,Gravenell,Female,42,FAUX,439.83,VRAI,VRAI
846,Jehanna,Acory,Female,29,FAUX,229.21,FAUX,FAUX
847,Rriocard,Boyington,Male,47,FAUX,307.895,VRAI,VRAI
848,Celisse,Daughtrey,Female,51,FAUX,197.592,VRAI,VRAI
849,Fitzgerald,Tramel,Male,24,FAUX,133.242,FAUX,FAUX
850,Tresa,Skynner,Female,24,FAUX,88.508,FAUX,FAUX
851,Jesselyn,Gorcke,Female,40,VRAI,241.935,VRAI,VRAI
852,Jeanna,Vasyukhin,Female,55,FAUX,216.18,VRAI,FAUX
853,Daisie,Twine,Female,66,FAUX,423.171,VRAI,VRAI
854,Sheila-kathryn,Bowcher,Female,77,FAUX,180.36,VRAI,FAUX
855,Ethelbert,Rosellini,Male,59,FAUX,407.38,VRAI,FAUX
856,Rawley,Severwright,Male,38,FAUX,166.512,VRAI,VRAI
857,Frannie,Blackmuir,Female,40,FAUX,244.84,FAUX,VRAI
858,Torrin,Strother,Male,22,FAUX,184.077,VRAI,FAUX
859,Libby,Wardroper,Female,50,FAUX,155.09,FAUX,FAUX
860,Sharlene,Dragoe,Female,19,FAUX,91.18,FAUX,FAUX
861,Patin,Fewster,Male,51,FAUX,254.224,FAUX,VRAI
862,Tod,Bontine,Male,86,VRAI,100.568,VRAI,VRAI
863,Judith,Haylock,Female,39,FAUX,152.32,VRAI,VRAI
864,Ganny,Bools,Male,47,VRAI,186.03,VRAI,VRAI
865,Pavlov,Sivil,Male,81,FAUX,106.808,VRAI,VRAI
866,Anne,Mullard,Female,26,FAUX,173.856,VRAI,FAUX
867,Rozanne,Tippell,Female,27,FAUX,89.78,FAUX,FAUX
868,Timmie,Doiley,Female,36,FAUX,130.56,VRAI,VRAI
869,Thorvald,Chittenden,Male,48,FAUX,323.988,VRAI,VRAI
870,Weylin,Demageard,Male,43,VRAI,215.29,FAUX,FAUX
871,Merrielle,Daniells,Female,78,FAUX,142.464,FAUX,FAUX
872,Bernadette,Snowball,Female,26,FAUX,113.136,FAUX,FAUX
873,Enrique,Verson,Male,52,FAUX,206.562,FAUX,FAUX
874,Claudell,Schiell,Male,44,FAUX,355.216,VRAI,VRAI
875,Archambault,d'Arcy,Male,29,FAUX,194.922,VRAI,FAUX
876,Wendye,Gloucester,Female,60,FAUX,263.298,FAUX,FAUX
877,Callie,Minchinden,Female,78,FAUX,201.23,VRAI,VRAI
878,Anthea,Nickless,Female,29,VRAI,187.29,FAUX,VRAI
879,Collie,Clilverd,Female,31,FAUX,174.08,VRAI,VRAI
880,Gage,Killelea,Male,53,FAUX,354.944,VRAI,FAUX
881,Reinald,Cattellion,Male,32,FAUX,160.515,FAUX,FAUX
882,Tandy,Fancourt,Female,83,FAUX,110.912,VRAI,VRAI
883,Augustus,Dimond,Male,33,FAUX,149.98,VRAI,VRAI
884,Katuscha,Cartman,Female,19,FAUX,75,FAUX,FAUX
885,Sig,Erlam,Male,36,FAUX,192.462,VRAI,FAUX
886,Deerdre,Toyer,Female,26,FAUX,91.444,FAUX,FAUX
887,Genni,Pallaske,Female,42,FAUX,437.679,VRAI,VRAI
888,Marsh,Foystone,Male,20,FAUX,197.048,FAUX,FAUX
889,Bo,Gittens,Male,68,FAUX,145.452,VRAI,VRAI
890,De witt,Grundey,Male,38,VRAI,172.848,VRAI,VRAI
891,Alvera,Rydeard,Female,24,FAUX,209.115,FAUX,FAUX
892,Roman,Zywicki,Male,80,FAUX,271.43,VRAI,VRAI
893,Alex,Peschke,Male,59,FAUX,471.56,VRAI,VRAI
894,Juan,Helis,Male,58,FAUX,392.409,VRAI,VRAI
895,Linus,Brownsey,Male,97,FAUX,153.99,VRAI,VRAI
896,Eugenius,Scorrer,Male,32,FAUX,156.246,FAUX,FAUX
897,Jenni,Von Der Empten,Female,40,VRAI,388.062,VRAI,VRAI
898,Alphonse,Conningham,Male,93,VRAI,147.882,VRAI,VRAI
899,Genni,Hanwell,Female,76,FAUX,124.265,VRAI,VRAI
900,Nerte,Wimlet,Female,32,FAUX,108.8,VRAI,FAUX
901,Shane,Dubose,Female,75,FAUX,105.905,FAUX,FAUX
902,Neala,Santus,Female,55,FAUX,233.443,VRAI,VRAI
903,Issiah,Eynaud,Male,18,FAUX,97.305,FAUX,FAUX
904,Rana,Mahody,Female,43,VRAI,169.28,VRAI,VRAI
905,Helen,Dorsey,Female,90,VRAI,169.519,VRAI,VRAI
906,Carl,Scrimshire,Male,92,VRAI,184.12,FAUX,FAUX
907,Arv,Mackie,Male,35,FAUX,241.312,FAUX,FAUX
908,Fraser,Yaakov,Male,87,FAUX,90.896,VRAI,FAUX
909,Sylas,Elner,Male,41,FAUX,287.226,VRAI,VRAI
910,Claiborn,Lancashire,Male,97,FAUX,174.881,VRAI,VRAI
911,Ulrika,Boykett,Female,53,FAUX,136.444,VRAI,VRAI
912,Leda,Le Gallo,Female,57,FAUX,210.108,VRAI,VRAI
913,Bradley,Barrable,Male,45,VRAI,197.685,VRAI,VRAI
914,Robby,Bantham,Male,61,FAUX,218.466,VRAI,VRAI
915,Balduin,Hugenin,Male,98,VRAI,146.979,VRAI,VRAI
916,Jacob,Fennessy,Male,55,FAUX,197.696,VRAI,VRAI
917,Minda,Lumsdon,Female,21,VRAI,231.71,FAUX,FAUX
918,Harriette,Sambiedge,Female,30,VRAI,152.32,FAUX,FAUX
919,Nerta,Fishe,Female,72,FAUX,131.13,VRAI,FAUX
920,Nicol,Merigeau,Male,53,VRAI,241.983,FAUX,FAUX
921,Clint,Handrik,Male,20,FAUX,96.78,FAUX,FAUX
922,Helli,Hawthorn,Female,94,VRAI,160.02,VRAI,VRAI
923,Enrica,Monier,Female,40,FAUX,365.544,FAUX,FAUX
924,Ced,Fazackerley,Male,49,VRAI,233.175,VRAI,VRAI
925,Moreen,Marconi,Female,66,FAUX,478.94,VRAI,VRAI
926,Hayyim,Rawls,Male,53,FAUX,243.18,VRAI,VRAI
927,Aubree,McConnell,Female,37,FAUX,217.6,VRAI,FAUX
928,Karlen,Moylane,Female,42,FAUX,292.736,VRAI,FAUX
929,Marchelle,Hambright,Female,23,VRAI,173.91,VRAI,VRAI
930,Carissa,Horche,Female,35,FAUX,152.32,VRAI,VRAI
931,Bastian,Brooke,Male,45,FAUX,407.403,VRAI,VRAI
932,Rina,Imbrey,Female,61,FAUX,151.85,VRAI,VRAI
933,Zacharia,Wateridge,Male,41,FAUX,157.064,VRAI,VRAI
934,Orazio,Dukes,Male,38,VRAI,299.889,VRAI,FAUX
935,Orella,Fante,Female,98,FAUX,135.3,FAUX,FAUX
936,Rochette,Wessing,Female,53,FAUX,229.593,VRAI,FAUX
937,Livvyy,Flory,Female,74,FAUX,155.676,VRAI,VRAI
938,Tymon,Skellorne,Male,29,FAUX,104.285,FAUX,FAUX
939,Lilias,Hardi,Female,37,FAUX,152.32,FAUX,FAUX
940,Adina,Varty,Female,20,FAUX,167.904,FAUX,FAUX
941,Gonzalo,Kenryd,Male,86,VRAI,146.111,VRAI,FAUX
942,Adina,Climson,Female,56,FAUX,259.17,VRAI,VRAI
943,Ginnie,Carnie,Female,62,FAUX,231.049,VRAI,VRAI
944,Crysta,Maciejak,Female,26,FAUX,243.82,VRAI,FAUX
945,Tallie,McElrea,Male,57,FAUX,216.496,VRAI,VRAI
946,Ilene,Greeve,Female,71,FAUX,215.704,VRAI,VRAI
947,Papageno,Cisneros,Male,41,FAUX,239.435,VRAI,VRAI
948,Osbert,Poker,Male,20,FAUX,187.075,FAUX,FAUX
949,Hillel,McCurley,Male,99,VRAI,269.67,VRAI,VRAI
950,Jed,Heams,Male,64,FAUX,447.579,VRAI,VRAI
951,Clarette,Skillington,Female,44,FAUX,380.034,VRAI,FAUX
952,Evvie,Bauckham,Female,69,FAUX,101.208,VRAI,VRAI
953,Garret,Baskeyfied,Male,49,FAUX,186.476,VRAI,VRAI
954,Leyla,Bettington,Female,24,FAUX,96.872,FAUX,FAUX
955,Justina,Matyugin,Female,59,FAUX,279.671,VRAI,VRAI
956,Eileen,Caulton,Female,59,FAUX,224.52,VRAI,FAUX
957,Afton,Czajkowski,Female,47,FAUX,412.65,VRAI,FAUX
958,Jacki,Lidell,Female,28,FAUX,161.469,FAUX,FAUX
959,Gwenette,Jindrich,Female,51,FAUX,294.162,VRAI,VRAI
960,Carolus,Greenough,Male,35,FAUX,195.16,VRAI,VRAI
961,Horton,Serjent,Male,42,FAUX,124.12,VRAI,VRAI
962,Nefen,Glaserman,Male,98,VRAI,103.365,VRAI,VRAI
963,Alethea,Pattrick,Female,50,FAUX,274.68,VRAI,FAUX
964,Osbourne,Tindle,Male,90,VRAI,149.009,VRAI,VRAI
965,Vina,Sutherley,Female,18,FAUX,196.2,FAUX,FAUX
966,Nicolai,Folling,Male,52,FAUX,244.78,VRAI,VRAI
967,Lou,Croix,Male,54,FAUX,161.525,VRAI,VRAI
968,Pren,Shotboulte,Male,31,FAUX,253.208,FAUX,FAUX
969,Selene,Schimank,Female,48,FAUX,430.857,VRAI,VRAI
970,Hewie,Corgenvin,Male,27,FAUX,116.435,FAUX,FAUX
971,Caitlin,Arkil,Female,51,VRAI,159.544,VRAI,VRAI
972,Mathe,Beedom,Male,90,VRAI,215.464,VRAI,FAUX
973,Dion,Blaxley,Female,56,VRAI,162.364,VRAI,VRAI
974,Natasha,Lorrie,Female,28,FAUX,112.02,FAUX,FAUX
975,Christina,Frondt,Female,68,FAUX,166.704,VRAI,VRAI
976,Wally,Boston,Male,52,FAUX,225.006,VRAI,FAUX
977,Iggy,Carrell,Male,46,VRAI,155.532,VRAI,FAUX
978,Rennie,Maypother,Female,21,FAUX,74.38,FAUX,FAUX
979,Riordan,Greeno,Male,50,FAUX,294.504,VRAI,FAUX
980,Ford,Luckings,Male,89,VRAI,88.216,VRAI,VRAI
981,Ferrel,Gettins,Male,98,VRAI,186.641,FAUX,FAUX
982,Sally,Riccardelli,Female,41,VRAI,269.542,VRAI,VRAI
983,Georgianne,Orro,Female,43,FAUX,240.384,VRAI,VRAI
984,Hilliary,Arnke,Female,94,VRAI,101.975,VRAI,VRAI
985,Hailee,Lowis,Female,68,FAUX,169.28,VRAI,VRAI
986,Otes,O' Timony,Male,24,VRAI,91.5,FAUX,FAUX
987,Warner,Pierpoint,Male,94,FAUX,94.812,VRAI,FAUX
988,Natty,Braley,Female,36,VRAI,87.04,VRAI,VRAI
989,Evelyn,Joiris,Male,99,VRAI,193.081,VRAI,VRAI
990,Charita,Martinson,Female,29,FAUX,206.02,VRAI,FAUX
991,Bernardo,Loyns,Male,26,FAUX,236.286,FAUX,FAUX
992,Nils,Willers,Male,92,VRAI,168.032,VRAI,FAUX
993,Ashlen,Mould,Female,20,FAUX,102.4,FAUX,FAUX
994,Ardella,Fallon,Female,77,FAUX,228.04,VRAI,VRAI
995,Collete,Abrahamsson,Female,57,FAUX,323.03,VRAI,VRAI
996,Delmor,Mc Gaughey,Male,67,FAUX,207.368,VRAI,VRAI
997,Cole,Terrett,Male,46,FAUX,442.78,VRAI,VRAI
998,Arly,Emberton,Female,30,FAUX,152.32,FAUX,FAUX
999,Shari,Stockman,Female,33,VRAI,195.84,VRAI,FAUX