user_id,first_name,last_name,gender,age,disability,budget_per_night,is_married,have_kids,purpose_travel
0,Stacy,Tollow,Female,28,FAUX,215.5050,FAUX,FAUX,Leisure
1,Karrah,Dalgleish,Female,49,FAUX,204.9100,VRAI,VRAI,Leisure
2,Pascale,Jesteco,Male,46,VRAI,256.816,VRAI,VRAI,Leisure
3,Eva,Maddison,Female,43,FAUX,217.74,VRAI,VRAI,Leisure
4,Ashlee,Huntall,Female,19,VRAI,171.073,VRAI,VRAI,Leisure
5,Leticia,Simecek,Female,47,FAUX,189.712,VRAI,VRAI,Leisure
6,Garrett,MacCurlye,Male,51,VRAI,269.604,VRAI,FAUX,Business
7,Ugo,Dunthorne,Male,24,FAUX,81.224,FAUX,FAUX,Leisure
8,Tulley,Dennert,Male,67,FAUX,185.312,FAUX,FAUX,Business
9,Leshia,Imlacke,Female,35,FAUX,152.32,FAUX,FAUX,Business
10,Derby,Phillip,Male,26,FAUX,83.632,VRAI,VRAI,Leisure
11,Cello,Vallery,Male,50,FAUX,183.448,VRAI,VRAI,Leisure
12,Amble,Bezarra,Male,92,VRAI,189.927,VRAI,FAUX,Leisure
13,Marve,Fairn,Male,42,FAUX,195.295,VRAI,VRAI,Business
14,Mikkel,Tunstall,Male,29,FAUX,167.04,VRAI,VRAI,Leisure
15,Mable,Defrain,Female,42,FAUX,337.59,VRAI,VRAI,Leisure
16,Upton,Gatlin,Male,27,FAUX,160.472,FAUX,FAUX,Leisure
17,Faulkner,Folks,Male,33,FAUX,148.03,FAUX,VRAI,Leisure
18,Christie,Richings,Male,20,FAUX,189.49,VRAI,FAUX,Leisure
19,Fanni,Tummons,Female,48,FAUX,155.205,VRAI,FAUX,Leisure
20,Arther,Szymonwicz,Male,84,FAUX,150.829,VRAI,VRAI,Leisure
21,Sallyann,Vaughan-Hughes,Female,68,FAUX,205.824,VRAI,VRAI,Business
22,Lynnea,Sayse,Female,95,VRAI,229.554,VRAI,VRAI,Business
23,Minda,Stidson,Female,38,FAUX,130.56,FAUX,FAUX,Leisure
24,Marve,Minton,Male,78,FAUX,114.535,FAUX,FAUX,Business
25,Deva,Ledur,Female,86,VRAI,225.58,VRAI,VRAI,Business
26,Konrad,Nodin,Male,100,VRAI,221.8,VRAI,VRAI,Business
27,Reamonn,Shadbolt,Male,82,FAUX,181.224,VRAI,VRAI,Business
28,Ulrick,Gunney,Male,38,FAUX,286.371,VRAI,FAUX,Business
29,Archaimbaud,Lorrain,Male,86,VRAI,184.114,VRAI,VRAI,Business
30,Mill,Billo,Male,59,FAUX,129.436,VRAI,FAUX,Leisure
31,Hewet,Claasen,Male,24,FAUX,118.535,VRAI,FAUX,Business
32,Maia,Bissex,Female,61,FAUX,363.72,VRAI,FAUX,Business
33,Magdaia,Potzold,Female,26,FAUX,197.568,FAUX,FAUX,Business
34,Cart,Verni,Male,40,FAUX,450.23,VRAI,VRAI,Business
35,Carmita,Ghiotto,Female,47,FAUX,353.11,VRAI,FAUX,Leisure
36,Ettie,Raeburn,Female,19,FAUX,100.995,VRAI,VRAI,Leisure
37,Erwin,McAughtry,Male,22,FAUX,120.186,FAUX,FAUX,Business
38,Bob,Beatey,Male,20,FAUX,248.751,FAUX,FAUX,Business
39,Maurise,Rigler,Male,51,FAUX,143.752,VRAI,FAUX,Leisure
40,Johna,Paulus,Female,88,VRAI,141.519,VRAI,VRAI,Leisure
41,Antony,Penniell,Male,25,VRAI,250,FAUX,FAUX,Leisure
42,Christoph,Deeth,Male,39,FAUX,199.01,VRAI,VRAI,Leisure
43,Edee,Sarton,Female,72,FAUX,81.064,VRAI,FAUX,Leisure
44,Wynn,Franks,Male,46,FAUX,388.773,VRAI,FAUX,Leisure
45,Dimitry,Carwardine,Male,22,FAUX,196.641,FAUX,FAUX,Business
46,Matt,Gurg,Male,36,FAUX,164.562,VRAI,FAUX,Leisure
47,Kellia,Pockett,Female,50,FAUX,332.376,FAUX,VRAI,Business
48,Elfie,Speake,Female,57,VRAI,376.08,VRAI,FAUX,Leisure
49,Orly,Aggis,Female,32,FAUX,87.04,FAUX,FAUX,Business
50,Linnea,Angus,Female,75,FAUX,192.143,VRAI,FAUX,Business
51,Natal,Canwell,Male,18,FAUX,169.12,FAUX,FAUX,Business
52,Bryan,Sibylla,Male,100,VRAI,101.195,VRAI,VRAI,Business
53,Lorine,Eveling,Female,27,VRAI,152.971,FAUX,FAUX,Business
54,Kenn,Mewe,Male,31,VRAI,222.408,FAUX,FAUX,Business
55,Bent,Guerri,Male,66,FAUX,336.71,VRAI,VRAI,Business
56,Bidget,Guitton,Female,33,VRAI,152.32,FAUX,VRAI,Business
57,Hort,Jory,Male,72,FAUX,159.432,VRAI,VRAI,Business
58,Merell,Arnott,Male,56,FAUX,326.34,VRAI,VRAI,Business
59,Cayla,Gomes,Female,33,FAUX,87.04,FAUX,FAUX,Leisure
60,Rica,Dreghorn,Female,39,FAUX,87.04,VRAI,VRAI,Leisure
61,Hally,Bunten,Female,55,FAUX,246.072,VRAI,VRAI,Business
62,Garv,Dryburgh,Male,56,FAUX,386,VRAI,VRAI,Leisure
63,Lucas,Hedworth,Male,24,VRAI,190.876,FAUX,FAUX,Business
64,Serge,Doudney,Male,96,VRAI,138.645,FAUX,FAUX,Leisure
65,Sherline,Hubatsch,Female,37,FAUX,130.56,VRAI,VRAI,Leisure
66,Waverly,Joselevitz,Male,56,FAUX,401.09,VRAI,FAUX,Business
67,Barry,Tamburo,Female,25,FAUX,135.456,FAUX,FAUX,Business
68,Shirley,Cathel,Female,37,FAUX,195.84,FAUX,FAUX,Leisure
69,Rickie,McAlpine,Male,57,FAUX,198.1,VRAI,VRAI,Business
70,Guthrie,Klainman,Male,41,FAUX,266.287,VRAI,VRAI,Leisure
71,Rafaellle,Lightwood,Male,38,FAUX,164.532,VRAI,VRAI,Business
72,Ardyce,Hartle,Female,25,FAUX,157.008,FAUX,FAUX,Business
73,Kimball,Doche,Male,57,FAUX,414.27,VRAI,VRAI,Business
74,Arv,Gordge,Male,39,FAUX,343.25,VRAI,FAUX,Leisure
75,Jamie,Stanger,Male,73,FAUX,214.98,VRAI,FAUX,Business
76,Kimmy,Broseke,Female,72,FAUX,143.844,FAUX,FAUX,Leisure
77,Marlin,Checchetelli,Male,86,VRAI,206.847,VRAI,FAUX,Business
78,Boyd,Hartfleet,Male,26,FAUX,105.944,FAUX,FAUX,Business
79,Phelia,Chatfield,Female,51,FAUX,289.341,VRAI,VRAI,Business
80,Winfred,Synke,Male,35,FAUX,240.336,VRAI,VRAI,Leisure
81,Elizabet,McRonald,Female,39,FAUX,195.84,FAUX,FAUX,Business
82,Norris,Cremer,Male,72,FAUX,138.035,VRAI,VRAI,Leisure
83,Bert,Cluely,Male,45,VRAI,275.616,VRAI,FAUX,Leisure
84,Natalina,Greeno,Female,58,FAUX,380.45,VRAI,VRAI,Leisure
85,Hilliary,Georgi,Female,25,FAUX,181.422,VRAI,VRAI,Business
86,Aubree,Trafford,Female,29,FAUX,156.527,FAUX,FAUX,Leisure
87,Bale,Geraudy,Male,29,FAUX,152.796,FAUX,FAUX,Leisure
88,Currey,Fandrich,Male,64,FAUX,294.978,VRAI,FAUX,Leisure
89,Lennie,Verecker,Male,50,FAUX,273.728,VRAI,FAUX,Business
90,Ric,Rate,Male,45,FAUX,434.52,VRAI,FAUX,Leisure
91,Munmro,Domenichelli,Male,92,VRAI,159.876,VRAI,FAUX,Business
92,Dorene,Reuter,Female,19,FAUX,85.05,FAUX,FAUX,Business
93,Jock,Baudrey,Male,45,FAUX,416.835,FAUX,FAUX,Business
94,Retha,Bothie,Female,46,FAUX,224.826,VRAI,VRAI,Business
95,Palmer,Chezier,Male,64,FAUX,384.16,VRAI,VRAI,Leisure
96,Mareah,Giffaut,Female,38,FAUX,108.8,VRAI,VRAI,Business
97,Stace,Relf,Female,52,FAUX,331.55,VRAI,VRAI,Business
98,Killian,Varfolomeev,Male,83,FAUX,100.06,VRAI,FAUX,Business
99,Emilie,Toohey,Female,20,FAUX,120.31,FAUX,FAUX,Leisure
100,Nickie,Lochrie,Female,58,FAUX,156.272,FAUX,FAUX,Business
101,Bjorn,Soro,Male,71,FAUX,138.54,VRAI,VRAI,Leisure
102,Dennie,Mackrill,Female,28,FAUX,89.836,FAUX,FAUX,Business
103,Worthy,Hounihan,Male,41,FAUX,299.016,VRAI,FAUX,Business
104,Gasper,Wogden,Male,24,VRAI,179.704,FAUX,FAUX,Business
105,Vivianna,Simao,Female,36,FAUX,108.8,FAUX,FAUX,Leisure
106,Lyndsie,Handford,Female,20,FAUX,181.993,FAUX,FAUX,Leisure
107,Dodie,Crilly,Female,68,FAUX,149.94,VRAI,VRAI,Leisure
108,Elita,Pickerill,Female,74,FAUX,119.515,VRAI,VRAI,Business
109,Roscoe,Beininck,Male,48,FAUX,380.36,VRAI,FAUX,Leisure
110,Rosy,Eitter,Female,21,FAUX,146.658,FAUX,FAUX,Leisure
111,Eloise,Hazzard,Female,95,FAUX,106.968,FAUX,FAUX,Business
112,Jodie,Damrel,Female,59,FAUX,329.525,VRAI,FAUX,Leisure
113,Vergil,Handke,Male,35,VRAI,160.645,VRAI,VRAI,Business
114,Codie,Blakesley,Female,45,FAUX,247.384,VRAI,VRAI,Leisure
115,Vally,Thornewell,Female,27,FAUX,126.7,VRAI,VRAI,Business
116,Ozzy,Brechin,Male,82,FAUX,279.45,VRAI,FAUX,Leisure
117,Brose,Ramet,Male,21,FAUX,179.333,FAUX,FAUX,Business
118,Gal,Ferre,Male,31,FAUX,289.91,FAUX,FAUX,Leisure
119,Bernard,Baudinet,Male,86,VRAI,160.464,VRAI,VRAI,Business
120,Gustavus,Jerisch,Male,78,FAUX,195.597,VRAI,FAUX,Business
121,Alayne,Clapson,Female,82,FAUX,82.344,FAUX,FAUX,Leisure
122,Mart,Austen,Male,31,FAUX,154.932,FAUX,FAUX,Business
123,Kariotta,Dishmon,Female,39,FAUX,108.8,VRAI,FAUX,Business
124,Ingunna,Ponter,Female,73,FAUX,222.22,VRAI,VRAI,Business
125,Brian,Phelipeau,Male,91,VRAI,130.632,VRAI,VRAI,Business
126,Timmie,Sayton,Male,67,FAUX,163.752,VRAI,FAUX,Leisure
127,Celestine,Brozek,Female,35,FAUX,217.6,FAUX,VRAI,Business
128,Lorette,Tettley,Female,50,FAUX,244.59,VRAI,FAUX,Business
129,Vance,Cordelle,Male,26,FAUX,187.92,FAUX,FAUX,Leisure
130,Athene,Pietranek,Female,19,FAUX,221.85,FAUX,FAUX,Leisure
131,Brandyn,Karim,Male,69,FAUX,185.857,VRAI,FAUX,Leisure
132,Jannel,Pettwood,Female,22,FAUX,194.552,FAUX,FAUX,Business
133,Winifield,Williment,Male,34,FAUX,233.766,FAUX,FAUX,Business
134,Obed,Ciccarello,Male,28,FAUX,223.92,FAUX,FAUX,Business
135,Tudor,Walsham,Male,89,VRAI,100.296,VRAI,VRAI,Leisure
136,Madelaine,Burd,Female,55,VRAI,242.504,VRAI,VRAI,Leisure
137,Dale,Goldstone,Male,54,FAUX,234.12,VRAI,FAUX,Leisure
138,Ricardo,Lerner,Male,49,FAUX,395.77,VRAI,FAUX,Business
139,Allie,Woodham,Female,55,FAUX,175.52,VRAI,VRAI,Business
140,Louie,Sherrell,Male,28,FAUX,96.112,FAUX,FAUX,Business
141,Ethan,Peplay,Male,33,FAUX,205.656,FAUX,VRAI,Leisure
142,Beauregard,Capaldi,Male,31,FAUX,197.183,FAUX,FAUX,Business
143,Reube,Jacobbe,Male,85,FAUX,150.605,VRAI,VRAI,Leisure
144,Daisi,Buessen,Female,45,VRAI,335.8,VRAI,VRAI,Leisure
145,Arlin,Sinnatt,Male,45,FAUX,249.894,VRAI,VRAI,Business
146,Tiena,Kirkam,Female,56,FAUX,368.442,VRAI,VRAI,Business
147,Hart,Axon,Male,94,FAUX,107.204,VRAI,VRAI,Leisure
148,Judi,Landre,Female,84,FAUX,180.565,VRAI,VRAI,Business
149,Tudor,Hiscoke,Male,26,FAUX,110.82,FAUX,FAUX,Business
150,Emmet,Glasscoo,Male,38,FAUX,126.785,FAUX,FAUX,Business
151,Daveta,Brugemann,Female,46,VRAI,245.145,VRAI,FAUX,Leisure
152,Paulo,Diglin,Male,22,FAUX,164.759,FAUX,FAUX,Business
153,Darelle,Isbell,Female,80,FAUX,258.31,VRAI,VRAI,Business
154,Heath,Gatiss,Female,36,FAUX,130.56,FAUX,FAUX,Leisure
155,Shanna,Dametti,Female,49,FAUX,276.056,VRAI,VRAI,Business
156,Thibaut,Harty,Male,52,VRAI,357.52,FAUX,FAUX,Business
157,Octavia,Allnatt,Female,20,FAUX,99.955,FAUX,FAUX,Leisure
158,Iris,Switland,Female,36,FAUX,152.32,VRAI,VRAI,Leisure
159,Domenico,Copson,Male,62,FAUX,348.016,VRAI,FAUX,Business
160,Cinda,Lowensohn,Female,100,VRAI,104.144,VRAI,FAUX,Leisure
161,Daveta,Giberd,Female,58,FAUX,187.248,VRAI,VRAI,Business
162,Klarrisa,Battabee,Female,25,FAUX,260.86,FAUX,FAUX,Leisure
163,Giovanna,Birkinshaw,Female,76,FAUX,141.75,VRAI,VRAI,Business
164,Kristal,Farres,Female,87,VRAI,151.039,VRAI,VRAI,Leisure
165,Rolf,Mathison,Male,24,FAUX,180.11,FAUX,FAUX,Business
166,Gene,Lombard,Female,24,VRAI,152.887,FAUX,FAUX,Leisure
167,Templeton,Sandaver,Male,98,VRAI,127.8,VRAI,VRAI,Leisure
168,Lark,McSparran,Female,53,FAUX,475.07,VRAI,VRAI,Leisure
169,Simmonds,Byway,Male,52,FAUX,319.544,VRAI,VRAI,Business
170,Salmon,Cheales,Male,96,FAUX,113.99,VRAI,VRAI,Business
171,Jade,Fontenot,Female,39,FAUX,108.8,VRAI,VRAI,Business
172,Nadeen,Darrach,Female,52,VRAI,279.936,VRAI,FAUX,Leisure
173,Chrysa,Deeming,Female,26,FAUX,87.145,FAUX,FAUX,Leisure
174,Llywellyn,Tume,Male,23,FAUX,84.564,FAUX,FAUX,Leisure
175,Anthe,Willson,Female,97,FAUX,175.832,VRAI,VRAI,Leisure
176,Miof mela,Alderwick,Female,47,FAUX,231.096,VRAI,VRAI,Leisure
177,Genna,Sankey,Female,35,FAUX,108.8,FAUX,FAUX,Business
178,Bernette,Deluce,Female,41,FAUX,331.704,VRAI,VRAI,Leisure
179,Andris,Brocklehurst,Male,50,FAUX,187.488,VRAI,VRAI,Leisure
180,Merwyn,Dibbs,Male,46,FAUX,272.88,VRAI,VRAI,Leisure
181,Stephani,Coursor,Female,49,FAUX,256.362,VRAI,VRAI,Leisure
182,Haley,MacGill,Female,57,FAUX,159.245,VRAI,VRAI,Business
183,Wolf,Woodcraft,Male,30,FAUX,140.47,VRAI,VRAI,Business
184,Giustina,Dows,Female,89,VRAI,96.392,VRAI,VRAI,Leisure
185,Eugine,Kernock,Female,61,FAUX,489.49,VRAI,FAUX,Leisure
186,Burg,Rowlands,Male,63,FAUX,423.972,VRAI,VRAI,Business
187,Tybalt,Gianilli,Male,90,VRAI,218.544,VRAI,VRAI,Leisure
188,Rhea,Tzuker,Female,44,FAUX,122.504,VRAI,VRAI,Business
189,Rowland,Marcq,Male,26,VRAI,109.45,FAUX,FAUX,Leisure
190,Guilbert,Jenks,Male,63,FAUX,180.414,VRAI,VRAI,Business
191,Abbie,Shefton,Male,26,VRAI,150.36,VRAI,FAUX,Business
192,Duffie,Wellbank,Male,31,VRAI,249.55,FAUX,FAUX,Leisure
193,Philippe,Gregorace,Female,62,FAUX,185.74,VRAI,FAUX,Leisure
194,Lorri,Ritchard,Female,21,FAUX,109.815,FAUX,FAUX,Leisure
195,Breena,Bierton,Female,50,FAUX,147.364,VRAI,FAUX,Business
196,Sherline,Goracci,Female,20,FAUX,160.762,FAUX,FAUX,Leisure
197,Edan,Frary,Male,99,FAUX,143.15,VRAI,FAUX,Business
198,Vevay,Hayball,Female,33,VRAI,87.04,FAUX,FAUX,Leisure
199,Cleavland,Jina,Male,31,FAUX,263.928,FAUX,FAUX,Leisure
200,Lamont,Guerro,Male,91,VRAI,223.69,VRAI,VRAI,Leisure
201,Valentin,Durward,Male,78,FAUX,163.59,VRAI,VRAI,Leisure
202,Janela,Durdle,Female,46,FAUX,243.472,VRAI,FAUX,Leisure
203,Selinda,Dutt,Female,86,VRAI,249.84,FAUX,FAUX,Business
204,Chrisse,Chaloner,Male,48,FAUX,270.592,VRAI,FAUX,Business
205,Tiffy,Keddy,Female,74,FAUX,120.745,FAUX,FAUX,Business
206,Karen,De Mitri,Female,59,FAUX,283.984,VRAI,VRAI,Business
207,Baxter,Cockley,Male,83,FAUX,271.04,VRAI,FAUX,Business
208,Dermot,Jirieck,Male,61,FAUX,248.73,VRAI,FAUX,Leisure
209,Natalee,Overbury,Female,37,FAUX,130.56,VRAI,VRAI,Business
210,Nikos,Feast,Male,40,FAUX,246.21,VRAI,VRAI,Business
211,Nesta,Scanes,Female,35,FAUX,174.08,VRAI,VRAI,Business
212,Dasha,Worling,Female,34,VRAI,174.08,FAUX,FAUX,Leisure
213,Fowler,Lavis,Male,76,FAUX,164.08,VRAI,VRAI,Business
214,Andrei,Carnilian,Female,80,FAUX,106.496,VRAI,VRAI,Business
215,Loydie,Sartin,Male,34,VRAI,187.012,VRAI,VRAI,Leisure
216,Purcell,Ormesher,Male,86,VRAI,221.744,VRAI,FAUX,Business
217,Mariann,Demeter,Female,35,FAUX,174.08,FAUX,FAUX,Business
218,Chandra,Oldacres,Female,27,FAUX,119.034,FAUX,FAUX,Business
219,Emmy,Matthews,Male,41,FAUX,445.22,VRAI,VRAI,Business
220,Claribel,Royste,Female,74,FAUX,81.828,VRAI,FAUX,Business
221,Tadeo,Druery,Male,22,FAUX,91.63,FAUX,FAUX,Leisure
222,Dick,Van den Broek,Male,18,FAUX,112.64,FAUX,FAUX,Leisure
223,Cchaddie,Berthomieu,Male,76,FAUX,119.18,VRAI,VRAI,Leisure
224,Donielle,Winger,Female,55,VRAI,225.42,FAUX,FAUX,Business
225,Noak,Jemmett,Male,28,FAUX,165.069,VRAI,VRAI,Business
226,Neysa,Fishbourne,Female,43,VRAI,300.496,VRAI,VRAI,Leisure
227,Kylie,Barbey,Female,43,FAUX,446.841,VRAI,VRAI,Leisure
228,Tiff,Cino,Female,53,FAUX,260.85,FAUX,FAUX,Leisure
229,Elsinore,Spinley,Female,39,FAUX,130.56,FAUX,FAUX,Leisure
230,Harriet,Tetford,Female,72,FAUX,145.056,VRAI,VRAI,Leisure
231,Ed,MacTrustrie,Male,39,FAUX,129.348,VRAI,FAUX,Leisure
232,Iormina,Whordley,Female,36,FAUX,174.08,FAUX,FAUX,Business
233,Vernon,Eldred,Male,63,FAUX,322.92,VRAI,FAUX,Business
234,Niki,Adamsky,Female,29,VRAI,91.288,FAUX,FAUX,Business
235,Petr,Gibson,Male,40,FAUX,157.64,FAUX,FAUX,Business
236,Patrizio,Chaplin,Male,32,FAUX,149.136,VRAI,VRAI,Business
237,Ronald,Siaspinski,Male,73,FAUX,146.682,VRAI,VRAI,Business
238,Nat,Heinert,Male,48,FAUX,316.568,VRAI,VRAI,Business
239,Arte,Muffitt,Male,60,FAUX,430.62,VRAI,VRAI,Business
240,Florentia,Tippler,Female,37,FAUX,108.8,VRAI,VRAI,Leisure
241,Milo,Whitnell,Male,67,FAUX,133.77,VRAI,VRAI,Leisure
242,Chad,Simcock,Male,59,FAUX,277.875,VRAI,VRAI,Leisure
243,Giselle,Morde,Female,53,FAUX,215.105,VRAI,VRAI,Business
244,Archy,Speke,Male,45,FAUX,358.56,VRAI,VRAI,Business
245,Samaria,Haylock,Female,29,FAUX,187.191,FAUX,FAUX,Leisure
246,Sisely,Nacey,Female,75,FAUX,145.584,VRAI,VRAI,Leisure
247,Kimberlee,Buxcy,Female,26,FAUX,120.075,FAUX,FAUX,Leisure
248,Tommy,Gadney,Female,58,FAUX,174.885,VRAI,FAUX,Business
249,Warden,Cella,Male,25,FAUX,275.17,VRAI,FAUX,Business
250,Emery,Fisby,Male,77,FAUX,179.837,FAUX,FAUX,Leisure
251,Kathlin,Creamer,Female,58,FAUX,274.689,VRAI,FAUX,Business
252,Abbe,Rontsch,Female,73,FAUX,219.555,VRAI,VRAI,Business
253,Paxton,Readitt,Male,51,FAUX,333.64,VRAI,FAUX,Leisure
254,Lissie,Harle,Female,92,VRAI,167.562,VRAI,VRAI,Leisure
255,Gypsy,Drinkall,Female,54,FAUX,240.498,VRAI,VRAI,Business
256,Guillermo,Grishankov,Male,24,FAUX,169.776,FAUX,FAUX,Leisure
257,Ernestus,Salmons,Male,31,FAUX,135.9,FAUX,FAUX,Leisure
258,Priscilla,Knevet,Female,18,FAUX,212.87,FAUX,FAUX,Leisure
259,Dredi,Zuenelli,Female,43,FAUX,210.623,VRAI,FAUX,Leisure
260,Randolf,Millery,Male,22,FAUX,220.059,FAUX,FAUX,Business
261,Dodi,Cuthbert,Female,96,VRAI,215.51,VRAI,FAUX,Leisure
262,Timoteo,Denekamp,Male,25,FAUX,165.708,VRAI,VRAI,Leisure
263,Marissa,Beazey,Female,21,FAUX,210.087,FAUX,FAUX,Leisure
264,Hadleigh,Braznell,Male,25,FAUX,148.698,FAUX,FAUX,Leisure
265,Jim,MacManus,Male,77,FAUX,130.548,VRAI,VRAI,Leisure
266,Annaliese,Fone,Female,38,FAUX,152.32,VRAI,FAUX,Leisure
267,Ania,Stoffer,Female,35,FAUX,87.04,VRAI,FAUX,Leisure
268,Meredeth,Arrandale,Male,27,FAUX,219.784,VRAI,VRAI,Business
269,Delila,Forsyde,Female,37,FAUX,195.84,FAUX,FAUX,Business
270,Angeli,Faulo,Male,57,FAUX,184.53,VRAI,FAUX,Leisure
271,Scarlett,Willatt,Female,48,VRAI,173.552,VRAI,VRAI,Leisure
272,Jedediah,Holdin,Male,74,FAUX,102.54,VRAI,FAUX,Leisure
273,Gallagher,De la Harpe,Male,86,FAUX,146.538,VRAI,VRAI,Business
274,Dag,Sopper,Male,51,FAUX,488.96,FAUX,FAUX,Business
275,Quintana,O' Cloney,Female,23,FAUX,254.29,VRAI,VRAI,Business
276,Sheffield,Yakebovich,Male,54,FAUX,151.33,VRAI,VRAI,Leisure
277,Orren,Stanley,Male,58,FAUX,363.114,VRAI,VRAI,Leisure
278,Georgeta,Towns,Female,48,FAUX,267.786,VRAI,FAUX,Business
279,Karlan,Jaycock,Male,33,FAUX,158.55,FAUX,FAUX,Leisure
280,Khalil,Moorcraft,Male,22,FAUX,233.98,FAUX,FAUX,Leisure
281,Colleen,Gimert,Female,75,FAUX,201.042,VRAI,VRAI,Leisure
282,Carlie,Giovanazzi,Female,19,VRAI,211.46,VRAI,VRAI,Business
283,Guillema,Melledy,Female,20,VRAI,116.49,FAUX,VRAI,Leisure
284,Nora,Stratford,Female,99,VRAI,147.102,VRAI,VRAI,Leisure
285,Liam,Seelbach,Male,58,FAUX,430.66,VRAI,VRAI,Leisure
286,Theresita,Dowding,Female,33,FAUX,195.84,VRAI,VRAI,Leisure
287,Raffaello,Gallo,Male,36,VRAI,264.848,VRAI,VRAI,Business
288,Allianora,Hindsberg,Female,99,VRAI,164.288,VRAI,VRAI,Leisure
289,Jody,Defau,Male,45,FAUX,246.405,VRAI,VRAI,Leisure
290,Baird,Roux,Male,42,FAUX,284.68,FAUX,VRAI,Business
291,Noel,Drew-Clifton,Male,79,FAUX,124.79,VRAI,VRAI,Leisure
292,Isabelle,Whartonby,Female,40,FAUX,182.64,VRAI,VRAI,Business
293,Gaelan,Worthy,Male,58,FAUX,169.956,VRAI,VRAI,Business
294,Kev,Cremin,Male,59,FAUX,179.24,VRAI,FAUX,Business
295,Marijn,Missen,Male,37,FAUX,302.95,VRAI,FAUX,Business
296,Selestina,Negro,Female,36,FAUX,108.8,VRAI,VRAI,Business
297,Dory,Lavens,Male,54,FAUX,342.7,VRAI,VRAI,Leisure
298,Maegan,Worster,Female,24,FAUX,173.511,FAUX,FAUX,Business
299,Renelle,Firidolfi,Female,96,VRAI,168.344,VRAI,FAUX,Leisure
300,Esra,Derobert,Male,96,FAUX,236.412,VRAI,FAUX,Leisure
301,Enrique,Dovermann,Male,38,FAUX,268.04,VRAI,VRAI,Leisure
302,Rurik,Greenough,Male,25,FAUX,86.812,VRAI,VRAI,Leisure
303,Gisele,Hellikes,Female,26,FAUX,149.226,FAUX,FAUX,Business
304,Gunilla,Stoner,Female,35,VRAI,108.8,FAUX,FAUX,Business
305,Leodora,Tynewell,Female,61,FAUX,393.25,VRAI,FAUX,Leisure
306,Lemmy,Corsan,Male,42,FAUX,223.302,VRAI,VRAI,Leisure
307,Meredith,Gagie,Female,67,FAUX,236.565,VRAI,FAUX,Business
308,Tricia,Deller,Female,22,VRAI,178.848,FAUX,FAUX,Leisure
309,Yulma,Garmston,Male,69,FAUX,203.319,VRAI,VRAI,Business
310,Darsie,Puffett,Female,49,FAUX,203.412,VRAI,VRAI,Leisure
311,Shannon,Garey,Female,45,FAUX,248.77,VRAI,VRAI,Leisure
312,Joelie,Rajchert,Female,40,FAUX,385.456,VRAI,VRAI,Business
313,Eliot,Leadbetter,Male,18,FAUX,153.968,FAUX,FAUX,Business
314,Kylie,Milbourne,Female,54,FAUX,205.764,VRAI,VRAI,Business
315,Trescha,Shelton,Female,44,FAUX,156.888,VRAI,VRAI,Leisure
316,Michel,Brighouse,Male,88,FAUX,167.272,FAUX,FAUX,Leisure
317,June,Capstake,Female,37,FAUX,87.04,FAUX,FAUX,Business
318,Brandise,Gierek,Female,52,FAUX,379.552,VRAI,VRAI,Business
319,Andriana,Bickerton,Female,46,FAUX,348.56,VRAI,VRAI,Leisure
320,Earl,Fleckness,Male,78,FAUX,126.018,VRAI,VRAI,Business
321,Archer,Espinola,Male,94,VRAI,128.04,VRAI,FAUX,Leisure
322,Deanna,Edon,Female,42,FAUX,143.924,VRAI,FAUX,Leisure
323,Dillie,MacGaffey,Male,52,FAUX,287.91,FAUX,FAUX,Leisure
324,Biddy,Burr,Female,27,VRAI,143.752,FAUX,FAUX,Leisure
325,Lenora,Lints,Female,50,VRAI,270.921,VRAI,FAUX,Business
326,Kerry,Sproston,Male,49,FAUX,156.548,VRAI,VRAI,Leisure
327,Auberon,Bungey,Male,79,FAUX,206.864,VRAI,VRAI,Business
328,Maribel,Jacklin,Female,23,FAUX,103.34,FAUX,FAUX,Leisure
329,Morganne,Mattack,Female,58,FAUX,459.97,VRAI,VRAI,Business
330,Lamar,Enrietto,Male,77,FAUX,90.148,VRAI,FAUX,Business
331,Daron,Huniwall,Male,36,VRAI,217.896,FAUX,FAUX,Leisure
332,Rolland,Valiant,Male,99,VRAI,248.94,VRAI,VRAI,Business
333,Sibbie,Pomphrett,Female,52,FAUX,152.492,VRAI,FAUX,Leisure
334,Elwood,Speakman,Male,50,FAUX,254.58,VRAI,VRAI,Leisure
335,Jerrie,Ricket,Male,71,FAUX,110.43,FAUX,FAUX,Leisure
336,Maryann,Padilla,Female,100,VRAI,99.16,VRAI,VRAI,Leisure
337,Alix,Bergstrand,Female,98,VRAI,170.611,VRAI,VRAI,Leisure
338,Miner,De Winton,Male,45,FAUX,205.135,VRAI,VRAI,Business
339,Collen,Cavilla,Female,84,FAUX,161.098,VRAI,VRAI,Business
340,Baldwin,Morrid,Male,86,VRAI,101.245,FAUX,FAUX,Business
341,Marlowe,Verity,Male,23,FAUX,109.775,FAUX,FAUX,Business
342,Elberta,Mabbot,Female,66,FAUX,262.224,VRAI,VRAI,Leisure
343,Andee,Jackman,Female,40,FAUX,164.688,VRAI,VRAI,Leisure
344,Fred,Carneck,Male,36,FAUX,136.472,VRAI,VRAI,Leisure
345,Dolores,Seers,Female,66,FAUX,372.81,VRAI,VRAI,Business
346,Moreen,Hort,Female,44,VRAI,171.975,VRAI,VRAI,Leisure
347,Juieta,Plak,Female,31,FAUX,130.56,FAUX,FAUX,Leisure
348,Hewitt,Skeemor,Male,53,FAUX,253.192,VRAI,FAUX,Business
349,Adelind,Poluzzi,Female,51,FAUX,339.318,VRAI,FAUX,Leisure
350,Kyle,Wilkins,Male,51,FAUX,135.856,VRAI,VRAI,Business
351,Conan,Bannister,Male,80,FAUX,200.952,VRAI,VRAI,Business
352,Jessamyn,Darker,Female,22,FAUX,119.34,FAUX,FAUX,Business
353,Joanne,Davidovsky,Female,54,FAUX,444.3,VRAI,FAUX,Business
354,Harris,Martinuzzi,Male,42,FAUX,197.802,VRAI,VRAI,Business
355,Giraud,Merkel,Male,59,FAUX,412.83,VRAI,FAUX,Leisure
356,Tannie,Redemile,Male,92,VRAI,173.024,FAUX,FAUX,Business
357,Giavani,Landon,Male,32,FAUX,147.516,FAUX,FAUX,Leisure
358,Cull,Juares,Male,56,VRAI,346.703,VRAI,FAUX,Leisure
359,Edd,Pero,Male,36,VRAI,268.576,VRAI,VRAI,Business
360,Petr,Monkley,Male,21,FAUX,183.001,FAUX,FAUX,Leisure
361,Fons,Grishanov,Male,32,FAUX,234.416,VRAI,FAUX,Business
362,May,Gilcriest,Female,77,FAUX,144.774,VRAI,VRAI,Business
363,Meyer,O'Flannery,Male,32,FAUX,140.005,FAUX,FAUX,Leisure
364,Stefano,Luddy,Male,95,VRAI,104.212,VRAI,VRAI,Business
365,Brande,Deelay,Female,44,VRAI,250.586,VRAI,VRAI,Business
366,Zenia,Jansie,Female,33,VRAI,217.6,FAUX,FAUX,Leisure
367,Davis,Chree,Male,93,FAUX,152.598,VRAI,FAUX,Business
368,Creigh,Coucha,Male,55,VRAI,458.28,VRAI,VRAI,Leisure
369,Hewe,Fawdry,Male,48,FAUX,395.2,VRAI,VRAI,Business
370,Roley,Longcake,Male,25,FAUX,153.16,VRAI,FAUX,Business
371,Pepillo,Senton,Male,18,FAUX,196.12,FAUX,FAUX,Leisure
372,Kassey,Blanchet,Female,56,FAUX,347.704,VRAI,VRAI,Leisure
373,Murry,Spilling,Male,24,FAUX,162.408,FAUX,FAUX,Leisure
374,Sauveur,Farley,Male,92,VRAI,101.744,VRAI,FAUX,Leisure
375,Maryann,Hudghton,Female,31,VRAI,108.8,VRAI,FAUX,Business
376,Grantham,Shead,Male,84,FAUX,92.252,VRAI,VRAI,Business
377,Levin,Whyman,Male,25,FAUX,185.07,FAUX,FAUX,Leisure
378,Welbie,Rawstorn,Male,36,FAUX,255.4,VRAI,FAUX,Leisure
379,Heda,Barhems,Female,21,FAUX,125.28,FAUX,FAUX,Business
380,Boothe,Raiman,Male,64,FAUX,344.408,VRAI,VRAI,Leisure
381,Greta,Brave,Female,23,FAUX,116.865,VRAI,VRAI,Leisure
382,Leonore,Sherebrooke,Female,53,FAUX,375.32,FAUX,VRAI,Business
383,Cozmo,Reeken,Male,29,FAUX,210.97,FAUX,FAUX,Leisure
384,Desi,Glentz,Male,42,FAUX,214.36,VRAI,VRAI,Leisure
385,Nat,Wilkerson,Male,99,VRAI,247.023,VRAI,VRAI,Leisure
386,Whitney,Hansberry,Male,34,FAUX,322.49,VRAI,FAUX,Leisure
387,Hy,Minucci,Male,83,FAUX,185.458,VRAI,VRAI,Leisure
388,Luciano,Piercy,Male,44,FAUX,332.104,VRAI,VRAI,Leisure
389,Nara,Nurse,Female,47,FAUX,346.581,VRAI,VRAI,Business
390,Petunia,Pfeffer,Female,77,FAUX,179.248,VRAI,VRAI,Business
391,Ulrika,McSorley,Female,21,FAUX,248.23,FAUX,FAUX,Leisure
392,Phillipp,Ankrett,Male,61,FAUX,302.912,VRAI,VRAI,Leisure
393,Sandie,Hillen,Female,39,FAUX,130.56,VRAI,VRAI,Leisure
394,Lucky,Shaylor,Female,42,FAUX,295.832,VRAI,FAUX,Business
395,Vilma,Henker,Female,27,FAUX,199.77,FAUX,FAUX,Business
396,Cordie,Clibbery,Female,65,FAUX,418.356,VRAI,VRAI,Business
397,Cristobal,Gallaher,Male,23,FAUX,240.61,FAUX,FAUX,Leisure
398,Mair,Kellart,Female,92,VRAI,171.073,VRAI,VRAI,Leisure
399,Vickie,Ends,Female,25,FAUX,84.684,FAUX,FAUX,Business
400,Garry,Fowgies,Male,80,FAUX,96.956,VRAI,FAUX,Leisure
401,Vannie,Yerbury,Female,30,FAUX,152.32,FAUX,FAUX,Leisure
402,Cleveland,Bothwell,Male,52,FAUX,392.48,VRAI,VRAI,Leisure
403,Maren,Headley,Female,34,FAUX,108.8,VRAI,FAUX,Leisure
404,Evered,Beadon,Male,43,FAUX,451.45,VRAI,VRAI,Leisure
405,Bernard,Thynn,Male,81,FAUX,148.308,VRAI,FAUX,Leisure
406,Dulcy,Dady,Female,39,FAUX,87.04,VRAI,FAUX,Business
407,Nancey,Cuolahan,Female,57,FAUX,152.884,VRAI,VRAI,Leisure
408,Kale,McGinty,Male,44,FAUX,309.744,VRAI,FAUX,Business
409,Ronald,Cotherill,Male,86,FAUX,185.936,VRAI,FAUX,Leisure
410,Lenci,Bebb,Male,42,FAUX,374.63,VRAI,VRAI,Leisure
411,Gonzalo,Poynter,Male,47,VRAI,344.128,VRAI,VRAI,Business
412,Cullan,Egdell,Male,49,FAUX,235.501,VRAI,FAUX,Business
413,Cinda,Plewes,Female,50,FAUX,283.703,VRAI,VRAI,Business
414,Libbey,Gatsby,Female,40,VRAI,380.151,VRAI,VRAI,Business
415,Ilyssa,Clementson,Female,93,VRAI,106.505,VRAI,VRAI,Leisure
416,Licha,Dunk,Female,44,FAUX,427.104,VRAI,FAUX,Business
417,Luise,Gladdolph,Female,32,FAUX,108.8,VRAI,VRAI,Business
418,Elberta,Kalisz,Female,45,FAUX,195.888,VRAI,VRAI,Business
419,Joye,Bubeer,Female,99,VRAI,224.09,VRAI,VRAI,Leisure
420,Norbie,Burdis,Male,96,VRAI,140.455,VRAI,VRAI,Leisure
421,Winston,Storrs,Male,78,FAUX,245.952,VRAI,VRAI,Business
422,Rudolph,Ferneyhough,Male,45,VRAI,187.636,VRAI,VRAI,Business
423,Iggy,Ricciardiello,Male,51,FAUX,345.807,VRAI,VRAI,Business
424,Mayer,Beagen,Male,44,FAUX,372.654,VRAI,VRAI,Business
425,Ninon,McGeechan,Female,83,FAUX,183.504,VRAI,FAUX,Business
426,Jone,Genn,Male,50,FAUX,240.6,VRAI,FAUX,Leisure
427,Laney,Challicum,Female,29,VRAI,175.04,FAUX,FAUX,Business
428,Vin,Kitchingham,Male,95,VRAI,95.144,VRAI,VRAI,Leisure
429,Phillie,Keller,Female,36,FAUX,108.8,VRAI,FAUX,Business
430,Patrice,Shortin,Male,33,FAUX,195.894,VRAI,VRAI,Leisure
431,Shermy,Richold,Male,87,VRAI,184.5,VRAI,FAUX,Business
432,Ferrel,Bielefeld,Male,21,FAUX,160.096,FAUX,FAUX,Leisure
433,Sunshine,Casely,Female,46,FAUX,210.015,VRAI,FAUX,Leisure
434,Giuseppe,Rowen,Male,63,FAUX,235.266,VRAI,FAUX,Business
435,Robinetta,Swallow,Female,98,VRAI,110.824,VRAI,FAUX,Business
436,Nels,Martina,Male,57,FAUX,489.26,VRAI,VRAI,Business
437,Yolande,Gerren,Female,65,FAUX,213.258,VRAI,VRAI,Business
438,Berty,Tanman,Female,18,VRAI,111.528,FAUX,FAUX,Business
439,Stern,Filippi,Male,44,FAUX,262.2,FAUX,FAUX,Leisure
440,Vittorio,Yellep,Male,98,VRAI,107.048,VRAI,FAUX,Leisure
441,Martino,Abley,Male,93,FAUX,162.09,FAUX,FAUX,Business
442,Michell,Enevoldsen,Female,67,FAUX,126.696,VRAI,VRAI,Business
443,Cello,Beane,Male,38,FAUX,183.072,VRAI,FAUX,Business
444,Foster,Fontes,Male,75,FAUX,138.235,VRAI,VRAI,Business
445,Siusan,Weddeburn,Female,43,FAUX,246.462,VRAI,VRAI,Business
446,Bertram,Mac Geaney,Male,37,VRAI,233.555,VRAI,VRAI,Business
447,Valentin,Petren,Male,43,FAUX,156.068,VRAI,VRAI,Leisure
448,Vale,Conquest,Male,23,FAUX,166.176,FAUX,FAUX,Leisure
449,Freda,Tatterton,Female,39,FAUX,174.08,VRAI,FAUX,Leisure
450,Laurette,Elcoate,Female,32,FAUX,195.84,VRAI,FAUX,Leisure
451,Shena,Coldbath,Female,48,FAUX,196.675,VRAI,FAUX,Leisure
452,Claudius,Wolford,Male,54,VRAI,144.34,VRAI,FAUX,Business
453,Emanuele,Baptista,Male,26,FAUX,223.587,VRAI,VRAI,Business
454,Judon,Snookes,Male,82,FAUX,220.088,VRAI,VRAI,Leisure
455,Micaela,Bison,Female,30,FAUX,152.32,FAUX,VRAI,Leisure
456,Byrle,Dyers,Male,35,FAUX,251.991,VRAI,VRAI,Leisure
457,Joelly,MacGillavery,Female,23,FAUX,119.83,FAUX,FAUX,Business
458,Hayes,Moscrop,Male,18,FAUX,103.592,FAUX,FAUX,Business
459,Ole,Gatheral,Male,49,FAUX,282.583,VRAI,FAUX,Leisure
460,Agnese,Simionescu,Female,92,FAUX,121.062,VRAI,FAUX,Business
461,Loralie,Rosiello,Female,74,FAUX,87.308,FAUX,FAUX,Business
462,Evered,Gollard,Male,38,FAUX,122.06,VRAI,FAUX,Leisure
463,Lyndsey,Mathou,Female,42,VRAI,282.048,VRAI,VRAI,Leisure
464,Dayle,Emer,Female,34,FAUX,174.08,FAUX,FAUX,Leisure
465,Rania,Attenbarrow,Female,57,FAUX,183.504,VRAI,VRAI,Leisure
466,Cameron,Chattock,Male,20,VRAI,137.6,FAUX,FAUX,Business
467,Garrard,O'Loghlen,Male,31,FAUX,296.94,FAUX,FAUX,Leisure
468,Catie,Dunning,Female,49,FAUX,273.105,VRAI,VRAI,Business
469,Kassie,Arthan,Female,59,VRAI,307.968,VRAI,VRAI,Business
470,Betsey,Tolussi,Female,32,FAUX,217.6,FAUX,FAUX,Leisure
471,Wendeline,Rimbault,Female,55,FAUX,121.716,VRAI,FAUX,Leisure
472,Padriac,Wands,Male,21,FAUX,210.456,FAUX,FAUX,Business
473,Devlen,Dorracott,Male,48,FAUX,198.248,VRAI,FAUX,Leisure
474,Levy,Matusovsky,Male,27,FAUX,215.19,FAUX,FAUX,Business
475,Wade,Sandland,Male,37,FAUX,228.87,VRAI,VRAI,Leisure
476,Stirling,Jenkins,Male,59,FAUX,268.821,VRAI,FAUX,Business
477,Salomon,Rowter,Male,78,FAUX,185.085,VRAI,VRAI,Business
478,Haleigh,Breitling,Male,21,FAUX,227.87,FAUX,FAUX,Business
479,Veronique,Windrum,Female,48,FAUX,165.352,VRAI,VRAI,Leisure
480,Donaugh,Keysel,Male,74,FAUX,137.74,FAUX,FAUX,Leisure
481,Nikkie,Pauling,Female,31,FAUX,108.8,FAUX,FAUX,Business
482,Ginnie,Cuff,Female,73,FAUX,237.23,VRAI,VRAI,Leisure
483,Janel,MacKartan,Female,22,FAUX,187.236,FAUX,FAUX,Business
484,Regina,Tures,Female,67,FAUX,249.78,VRAI,VRAI,Business
485,Shem,Rivelon,Male,43,FAUX,157.02,VRAI,VRAI,Leisure
486,Tyson,Staig,Male,61,FAUX,214.16,VRAI,VRAI,Business
487,Gregg,Phillput,Male,51,FAUX,255.06,VRAI,FAUX,Leisure
488,Cale,Aspinell,Male,52,VRAI,174.252,VRAI,VRAI,Leisure
489,Fielding,Knatt,Male,30,VRAI,200.272,FAUX,FAUX,Leisure
490,Ethan,Castelin,Male,30,FAUX,265.216,VRAI,VRAI,Leisure
491,Pammy,Rollason,Female,56,FAUX,361.888,VRAI,FAUX,Leisure
492,Fifine,Tremouille,Female,87,VRAI,218.736,VRAI,FAUX,Leisure
493,Way,Klimkovich,Male,24,VRAI,176.925,FAUX,FAUX,Leisure
494,Massimiliano,Strange,Male,21,VRAI,173.096,FAUX,FAUX,Business
495,Nanine,Grabbam,Female,44,FAUX,215.395,VRAI,VRAI,Leisure
496,Jaimie,Allmond,Male,53,FAUX,222.444,VRAI,FAUX,Leisure
497,Dorri,Sheaf,Female,93,VRAI,276.54,VRAI,FAUX,Business
498,Mela,Thursfield,Female,50,FAUX,191.718,VRAI,VRAI,Leisure
499,Shay,Harback,Male,53,FAUX,413.748,VRAI,VRAI,Business
500,Boy,Realff,Male,38,FAUX,247.87,VRAI,VRAI,Leisure
501,Walker,Lightowlers,Male,39,FAUX,267.008,VRAI,FAUX,Leisure
502,Blanch,Astin,Female,21,FAUX,125.454,FAUX,FAUX,Business
503,Alanah,Collinson,Female,57,FAUX,169.308,FAUX,FAUX,Leisure
504,Jammal,Parmenter,Male,47,FAUX,333.942,VRAI,VRAI,Business
505,Ben,Bonnesen,Male,90,FAUX,255.46,VRAI,FAUX,Leisure
506,Linea,Tinton,Female,21,FAUX,90.628,FAUX,FAUX,Business
507,Jessee,Debrick,Male,99,VRAI,114.89,VRAI,FAUX,Business
508,Rhiamon,Doore,Female,42,FAUX,153.008,VRAI,VRAI,Leisure
509,Kristos,Oultram,Male,23,FAUX,79.4,FAUX,FAUX,Business
510,Parke,Philippou,Male,53,FAUX,305.977,VRAI,FAUX,Leisure
511,Manuel,Bulfoy,Male,47,FAUX,192.042,VRAI,VRAI,Business
512,Wynne,Giroldi,Female,35,FAUX,108.8,VRAI,VRAI,Business
513,Meredith,Joost,Male,71,FAUX,219.456,FAUX,FAUX,Leisure
514,Lek,Labet,Male,98,VRAI,187,FAUX,FAUX,Business
515,Tiebout,Patmore,Male,51,FAUX,193.6,VRAI,FAUX,Leisure
516,Daryl,Stillgoe,Female,94,VRAI,172.704,VRAI,FAUX,Business
517,Barbabas,McGraffin,Male,98,VRAI,181.323,VRAI,VRAI,Leisure
518,Katy,Keynd,Female,20,FAUX,132.616,FAUX,FAUX,Leisure
519,Simone,Simoncelli,Male,24,FAUX,220.626,FAUX,FAUX,Business
520,Derward,McPhilemy,Male,73,FAUX,218.637,VRAI,VRAI,Leisure
521,Giuseppe,Flux,Male,88,VRAI,129.288,VRAI,VRAI,Leisure
522,Elisabetta,Robbings,Female,57,FAUX,281.232,VRAI,VRAI,Business
523,Olvan,Backsal,Male,41,FAUX,204.48,VRAI,FAUX,Business
524,Cassie,Bassam,Female,36,FAUX,130.56,VRAI,VRAI,Leisure
525,Crystal,Bruno,Female,63,FAUX,196.475,VRAI,VRAI,Leisure
526,Ebenezer,Diviny,Male,19,FAUX,222.432,FAUX,FAUX,Business
527,Charita,Silverson,Female,25,FAUX,148.977,FAUX,FAUX,Business
528,Virgil,Sazio,Male,25,FAUX,232.911,FAUX,FAUX,Business
529,Harmon,Klimochkin,Male,47,FAUX,323.57,VRAI,VRAI,Leisure
530,Obie,Geck,Male,19,FAUX,107.896,FAUX,FAUX,Leisure
531,Mandie,Beadon,Female,59,VRAI,213.924,VRAI,VRAI,Business
532,Grata,Dran,Female,67,FAUX,244.935,VRAI,VRAI,Leisure
533,Tonie,Alentyev,Female,67,FAUX,127.068,VRAI,VRAI,Leisure
534,Wolfy,Ventham,Male,37,FAUX,167.112,VRAI,FAUX,Business
535,Devondra,Haverty,Female,83,FAUX,125.84,VRAI,VRAI,Business
536,Molly,Simeoni,Female,49,FAUX,340.368,VRAI,FAUX,Leisure
537,Giselle,Trippitt,Female,29,FAUX,168.126,FAUX,VRAI,Business
538,Tripp,Barff,Male,52,FAUX,169.76,VRAI,VRAI,Business
539,Melessa,Ferrarin,Female,58,FAUX,147.488,VRAI,VRAI,Business
540,Leigh,Mellonby,Male,44,FAUX,323.708,FAUX,FAUX,Leisure
541,Gail,Collyns,Female,36,VRAI,130.56,VRAI,VRAI,Leisure
542,Brian,Rigeby,Male,50,FAUX,405.162,VRAI,VRAI,Leisure
543,Nichole,Brereton,Female,89,VRAI,253.24,VRAI,VRAI,Leisure
544,Deborah,Riep,Female,52,FAUX,222.835,VRAI,VRAI,Leisure
545,Amata,Raffon,Female,46,FAUX,362.74,FAUX,FAUX,Business
546,Alexandro,Wigginton,Male,89,FAUX,165.324,VRAI,VRAI,Leisure
547,Ettie,Dallicott,Female,47,FAUX,214.536,VRAI,VRAI,Business
548,Phoebe,Winsor,Female,71,FAUX,125.208,VRAI,VRAI,Leisure
549,Fairfax,Hounson,Male,63,FAUX,197.958,VRAI,VRAI,Leisure
550,Veda,Bareham,Female,90,VRAI,239.61,FAUX,FAUX,Leisure
551,Antony,Iwanowski,Male,44,FAUX,432.79,VRAI,FAUX,Leisure
552,Crista,Ablett,Female,20,FAUX,179.28,FAUX,FAUX,Leisure
553,Karole,Perton,Female,23,VRAI,84.764,FAUX,FAUX,Leisure
554,Evan,Todd,Male,54,FAUX,177.05,VRAI,VRAI,Business
555,Chrissy,McCahill,Male,45,FAUX,190.328,VRAI,VRAI,Business
556,Susann,Rutter,Female,39,FAUX,174.08,FAUX,FAUX,Business
557,Frederica,Jedrzejkiewicz,Female,43,FAUX,220.591,VRAI,VRAI,Leisure
558,Hobard,Copsey,Male,84,FAUX,231.984,VRAI,VRAI,Leisure
559,Edee,Lievesley,Female,37,VRAI,130.56,VRAI,VRAI,Business
560,Randi,Curr,Female,19,FAUX,106.254,FAUX,FAUX,Business
561,Adrienne,Waterdrinker,Female,89,FAUX,221.52,VRAI,VRAI,Leisure
562,Aluin,Coomber,Male,18,FAUX,128.576,FAUX,FAUX,Leisure
563,Marianna,Pulhoster,Female,73,FAUX,197.392,VRAI,VRAI,Business
564,Felisha,Siggens,Female,47,FAUX,298.182,VRAI,FAUX,Leisure
565,Haily,Roydon,Male,29,FAUX,130.144,FAUX,FAUX,Business
566,Eleanora,Geekie,Female,24,FAUX,125.544,FAUX,FAUX,Leisure
567,Tymothy,Seccombe,Male,45,FAUX,471.86,VRAI,VRAI,Business
568,Izaak,Hellwing,Male,63,FAUX,272.64,VRAI,FAUX,Business
569,Tiebold,Van den Oord,Male,18,FAUX,111.368,FAUX,FAUX,Business
570,Avie,Alexandrescu,Female,32,FAUX,152.32,FAUX,FAUX,Business
571,Rowen,House,Male,70,FAUX,103.548,VRAI,VRAI,Business
572,Meredith,Britto,Male,43,FAUX,300.47,VRAI,VRAI,Leisure
573,Lolita,Reidie,Female,73,FAUX,97.996,VRAI,FAUX,Business
574,Benton,Dury,Male,31,FAUX,139.17,FAUX,FAUX,Leisure
575,Katharyn,LeEstut,Female,86,VRAI,209.673,VRAI,VRAI,Business
576,Martin,Beevers,Male,20,FAUX,162.6,FAUX,FAUX,Business
577,Elsa,Aris,Female,50,FAUX,288.06,VRAI,VRAI,Leisure
578,Wake,Burkin,Male,77,FAUX,94.68,VRAI,FAUX,Leisure
579,Man,Duckwith,Male,98,VRAI,100.895,FAUX,FAUX,Leisure
580,Amalie,Kinsey,Female,56,FAUX,189.232,VRAI,FAUX,Business
581,Gelya,Magnus,Female,21,VRAI,184.656,FAUX,FAUX,Leisure
582,Karin,Oleksinski,Female,56,FAUX,283.232,VRAI,VRAI,Leisure
583,Florry,Trustrie,Female,84,FAUX,110.925,VRAI,FAUX,Business
584,Teador,Ridesdale,Male,42,FAUX,165.905,VRAI,VRAI,Leisure
585,Celia,Cuttin,Female,43,VRAI,195.245,VRAI,VRAI,Leisure
586,Jeane,Lathaye,Female,58,VRAI,442.5,VRAI,VRAI,Leisure
587,Gunter,Underwood,Male,37,FAUX,191.676,VRAI,VRAI,Business
588,Garwin,Dumberell,Male,57,VRAI,396.088,FAUX,FAUX,Business
589,Tadeas,Ithell,Male,33,FAUX,172.347,FAUX,FAUX,Business
590,Spenser,Heinreich,Male,50,FAUX,238.045,VRAI,VRAI,Leisure
591,Sansone,Dybbe,Male,88,VRAI,87.7,VRAI,VRAI,Business
592,Emlen,Yewdall,Male,22,VRAI,236.03,FAUX,FAUX,Business
593,Margalo,Fereday,Female,34,FAUX,174.08,FAUX,FAUX,Business
594,Haven,Raigatt,Male,45,FAUX,347.54,FAUX,FAUX,Business
595,Boonie,Chilcott,Male,72,FAUX,251.01,VRAI,VRAI,Leisure
596,Melloney,Rieme,Female,65,FAUX,236.215,VRAI,VRAI,Leisure
597,Dottie,Whelpton,Female,85,VRAI,93.18,VRAI,VRAI,Leisure
598,Dorotea,Ride,Female,41,FAUX,439.29,VRAI,FAUX,Leisure
599,Hedvig,Spanswick,Female,34,FAUX,152.32,FAUX,FAUX,Leisure
600,Gertrudis,Sherwill,Female,40,FAUX,167.908,VRAI,VRAI,Business
601,Minta,Comi,Female,65,FAUX,367.15,VRAI,VRAI,Business
602,Janina,Feaveryear,Female,18,FAUX,159.033,FAUX,FAUX,Business
603,Guenevere,Glanister,Female,49,FAUX,227.46,VRAI,VRAI,Leisure
604,Donica,Cromack,Female,79,FAUX,208.008,VRAI,VRAI,Leisure
605,Paulo,Beesley,Male,76,FAUX,162.522,VRAI,VRAI,Leisure
606,Risa,Gajownik,Female,47,FAUX,339.88,VRAI,VRAI,Business
607,Violet,Kleinstub,Female,82,FAUX,153.979,VRAI,VRAI,Business
608,Theresina,Middleditch,Female,95,VRAI,200.728,VRAI,VRAI,Business
609,Mile,Ketts,Male,25,FAUX,99.648,FAUX,FAUX,Leisure
610,Marc,Stiff,Male,26,VRAI,177.966,FAUX,FAUX,Leisure
611,Jereme,Nix,Male,43,FAUX,173.415,VRAI,VRAI,Leisure
612,Fidelity,Kulver,Female,50,FAUX,219.737,VRAI,FAUX,Business
613,Reinold,Sivil,Male,20,VRAI,98.17,FAUX,FAUX,Leisure
614,Paige,MacGillespie,Female,60,FAUX,165.216,FAUX,FAUX,Leisure
615,Layton,Fintoph,Male,69,FAUX,269.15,VRAI,FAUX,Business
616,Eve,Le Marquis,Female,38,VRAI,217.6,VRAI,VRAI,Leisure
617,Joane,Kleinmintz,Female,59,FAUX,153.735,VRAI,FAUX,Business
618,Edwina,Zollner,Female,56,FAUX,283.068,VRAI,FAUX,Leisure
619,Adrienne,Surgey,Female,22,FAUX,218.061,FAUX,FAUX,Business
620,Sidonnie,Heaton,Female,43,FAUX,181.1,VRAI,VRAI,Leisure
621,Gwendolin,Metterick,Female,49,FAUX,306.803,VRAI,VRAI,Leisure
622,Darci,Jenno,Female,73,FAUX,133.848,VRAI,VRAI,Business
623,Jackquelin,Leavry,Female,31,FAUX,217.6,VRAI,VRAI,Business
624,Marilee,Elsmore,Female,98,VRAI,248.148,VRAI,VRAI,Leisure
625,Tibold,Slot,Male,37,FAUX,343.68,VRAI,VRAI,Leisure
626,Erastus,Chaplain,Male,100,VRAI,182.024,VRAI,FAUX,Business
627,Bart,Keasy,Male,21,FAUX,80.16,FAUX,FAUX,Leisure
628,Giuseppe,Nendick,Male,24,FAUX,142.555,FAUX,FAUX,Business
629,Ophelie,Crafts,Female,66,FAUX,492.07,VRAI,FAUX,Leisure
630,Roana,Goodale,Female,62,FAUX,334.179,VRAI,VRAI,Business
631,Justus,Looby,Male,85,VRAI,143.778,FAUX,FAUX,Leisure
632,Minor,Brookzie,Male,75,FAUX,249.948,VRAI,VRAI,Leisure
633,Esdras,McElhargy,Male,27,FAUX,114.59,FAUX,FAUX,Business
634,Mercedes,Berzon,Female,25,FAUX,234.32,VRAI,VRAI,Leisure
635,Conney,Crawcour,Male,58,FAUX,308.567,VRAI,VRAI,Business
636,Paxon,Segar,Male,57,FAUX,187.412,VRAI,VRAI,Leisure
637,Isaak,Allworthy,Male,57,VRAI,410.058,VRAI,FAUX,Business
638,Evanne,Coyne,Female,27,FAUX,86.424,VRAI,VRAI,Leisure
639,Mychal,Marc,Male,76,FAUX,105.852,VRAI,FAUX,Leisure
640,Elmo,Fairhurst,Male,94,FAUX,170.84,FAUX,FAUX,Business
641,Dianemarie,Patria,Female,74,FAUX,137.37,FAUX,FAUX,Business
642,Sibby,Tessyman,Female,37,FAUX,174.08,FAUX,FAUX,Business
643,Deva,Hegdonne,Female,71,FAUX,213.456,VRAI,FAUX,Leisure
644,Barret,Jendrusch,Male,28,VRAI,248.085,FAUX,FAUX,Leisure
645,Rafaela,Gerrietz,Female,54,VRAI,289.88,VRAI,FAUX,Leisure
646,Hartwell,Fonteyne,Male,84,FAUX,133.884,VRAI,VRAI,Business
647,Elsy,Aleixo,Female,29,FAUX,182.565,VRAI,VRAI,Leisure
648,Marjory,Crosdill,Female,85,FAUX,182.688,VRAI,VRAI,Business
649,Marlo,Kenner,Male,52,FAUX,150.324,VRAI,VRAI,Leisure
650,Winston,Geroldo,Male,58,FAUX,242.328,VRAI,FAUX,Leisure
651,Netti,Wherton,Female,28,FAUX,98.068,VRAI,VRAI,Business
652,Si,Rippon,Male,24,FAUX,73.544,FAUX,FAUX,Business
653,Prinz,Esel,Male,83,FAUX,213.939,VRAI,VRAI,Business
654,Wyn,Dunster,Male,56,FAUX,159.755,VRAI,VRAI,Leisure
655,Standford,Stitson,Male,23,FAUX,92.788,FAUX,FAUX,Leisure
656,Kally,Filoniere,Female,31,VRAI,195.84,FAUX,FAUX,Leisure
657,Englebert,Grene,Male,51,VRAI,296.094,VRAI,VRAI,Business
658,Verena,Mayou,Female,54,FAUX,135.792,VRAI,VRAI,Business
659,Amitie,Radoux,Female,81,FAUX,106.17,VRAI,VRAI,Leisure
660,Kesley,Flewan,Female,47,FAUX,321.33,VRAI,FAUX,Leisure
661,Monroe,Shilstone,Male,53,FAUX,218.35,VRAI,VRAI,Business
662,Tiertza,Denne,Female,83,FAUX,215.28,VRAI,VRAI,Business
663,Salomo,Gritten,Male,30,FAUX,165.045,FAUX,FAUX,Business
664,Gregorio,Lauret,Male,32,FAUX,182.917,FAUX,FAUX,Leisure
665,Ardyth,Fazackerley,Female,70,FAUX,137.04,VRAI,VRAI,Leisure
666,Rivkah,Wethey,Female,71,FAUX,220.83,VRAI,FAUX,Business
667,Murray,Fleckness,Male,33,FAUX,297.59,FAUX,FAUX,Leisure
668,Palmer,Hursey,Male,55,FAUX,330.95,VRAI,FAUX,Business
669,Joscelin,Gilstoun,Female,73,FAUX,142.2,VRAI,VRAI,Business
670,Jefferey,Averall,Male,58,FAUX,454.51,VRAI,VRAI,Leisure
671,Murvyn,Mewton,Male,31,FAUX,188.748,FAUX,FAUX,Business
672,Wang,Norcliffe,Male,22,FAUX,155.886,FAUX,FAUX,Leisure
673,Rodd,Boodle,Male,41,VRAI,135.596,VRAI,VRAI,Leisure
674,Tonnie,Lilliman,Male,50,VRAI,312.69,VRAI,VRAI,Leisure
675,Judie,Pavia,Female,30,FAUX,152.32,FAUX,FAUX,Leisure
676,Hymie,Alabone,Male,50,FAUX,193.818,VRAI,VRAI,Business
677,Ewan,Lamden,Male,68,FAUX,98.548,VRAI,VRAI,Leisure
678,Robinette,Kiellor,Female,48,FAUX,164.465,VRAI,VRAI,Leisure
679,Lovell,Plows,Male,31,FAUX,175.206,FAUX,FAUX,Business
680,Salvador,Buterton,Male,56,FAUX,155.18,VRAI,FAUX,Leisure
681,Wally,Hammerstone,Male,47,VRAI,309.631,VRAI,VRAI,Leisure
682,Norrie,Scrafton,Male,19,VRAI,118.975,FAUX,FAUX,Leisure
683,Lotte,Hopkynson,Female,49,FAUX,316.141,VRAI,FAUX,Business
684,Cristabel,Buchanan,Female,49,VRAI,167.76,VRAI,VRAI,Business
685,Armand,Druitt,Male,54,FAUX,274.14,VRAI,VRAI,Leisure
686,Fran,Frarey,Female,31,FAUX,130.56,VRAI,VRAI,Leisure
687,Lenka,Bottom,Female,39,VRAI,108.8,VRAI,FAUX,Business
688,Richie,Ranahan,Male,19,FAUX,210.069,FAUX,FAUX,Business
689,Kev,De Cruce,Male,37,FAUX,177.192,VRAI,VRAI,Business
690,Beulah,Harcombe,Female,82,FAUX,183.456,VRAI,VRAI,Leisure
691,Eustacia,Ginner,Female,55,FAUX,325.832,VRAI,VRAI,Leisure
692,Luise,Towersey,Female,78,FAUX,199.485,VRAI,VRAI,Business
693,Theadora,Rembrandt,Female,59,VRAI,409.428,FAUX,FAUX,Business
694,Marchall,Letty,Male,36,FAUX,245.52,VRAI,FAUX,Leisure
695,Mariellen,Human,Female,22,FAUX,81.99,FAUX,FAUX,Business
696,Bunny,Inold,Female,76,FAUX,132.288,VRAI,VRAI,Leisure
697,Filip,Bradberry,Male,59,FAUX,144.068,VRAI,VRAI,Business
698,Tarra,Crusham,Female,48,FAUX,291.216,VRAI,VRAI,Business
699,Maggy,Corby,Female,81,FAUX,194.243,VRAI,VRAI,Business
700,Gery,Holtum,Male,48,VRAI,280.356,VRAI,VRAI,Leisure
701,Odie,Pettie,Male,20,FAUX,179.298,FAUX,FAUX,Business
702,Augustus,Cathenod,Male,96,VRAI,198.424,VRAI,VRAI,Leisure
703,Nikolaus,Ivashinnikov,Male,71,FAUX,120.432,VRAI,VRAI,Leisure
704,Damita,McCumesky,Female,66,FAUX,140.804,VRAI,VRAI,Leisure
705,Terencio,Thorne,Male,35,FAUX,229.32,VRAI,VRAI,Business
706,Kora,Orwin,Female,46,FAUX,165.065,VRAI,VRAI,Business
707,Dacie,Curgenuer,Female,53,VRAI,197.984,VRAI,VRAI,Leisure
708,Locke,McCarney,Male,26,FAUX,89.152,FAUX,FAUX,Business
709,Jed,Pawelski,Male,21,FAUX,154.665,FAUX,FAUX,Business
710,Anabelle,Tubbs,Female,42,FAUX,279.768,VRAI,FAUX,Business
711,Dallas,Toy,Male,54,FAUX,247.303,VRAI,VRAI,Leisure
712,Carol-jean,Wollacott,Female,77,FAUX,186.501,VRAI,VRAI,Business
713,Thain,Bortolomei,Male,48,FAUX,196.548,FAUX,FAUX,Leisure
714,Ilario,Willingham,Male,25,VRAI,208.44,VRAI,VRAI,Business
715,Melly,Hirschmann,Female,89,VRAI,130.585,VRAI,VRAI,Leisure
716,Craggie,Geany,Male,59,FAUX,182.694,FAUX,FAUX,Business
717,Peggie,Benesevich,Female,59,FAUX,248.384,VRAI,FAUX,Leisure
718,Siward,Fishbie,Male,35,FAUX,258.534,VRAI,FAUX,Business
719,Mannie,Krammer,Male,67,FAUX,219.267,VRAI,FAUX,Leisure
720,Shanan,Rabjohn,Male,23,FAUX,268.1,FAUX,FAUX,Leisure
721,Koren,Cantle,Female,38,FAUX,174.08,VRAI,FAUX,Leisure
722,Ty,Scrammage,Male,62,FAUX,332.24,VRAI,VRAI,Business
723,Mathew,Tremethack,Male,31,FAUX,154.104,FAUX,FAUX,Business
724,Danie,Pellington,Male,62,FAUX,146.76,VRAI,VRAI,Leisure
725,Nickolas,Bloxam,Male,26,FAUX,181.188,FAUX,FAUX,Leisure
726,Crosby,Southernwood,Male,47,FAUX,311.787,VRAI,VRAI,Leisure
727,Jose,Depport,Male,72,FAUX,139.275,VRAI,VRAI,Business
728,Berky,Shovelbottom,Male,48,FAUX,189.402,FAUX,FAUX,Business
729,Daniella,Gehring,Female,26,FAUX,86.555,FAUX,FAUX,Business
730,Smitty,Kelemen,Male,55,FAUX,212.772,VRAI,VRAI,Leisure
731,Brittany,Glaze,Female,23,FAUX,132.032,VRAI,VRAI,Business
732,Werner,Sillwood,Male,43,FAUX,215.656,VRAI,VRAI,Leisure
733,Nester,Spiers,Male,57,FAUX,244.535,VRAI,FAUX,Business
734,Catina,Doog,Female,43,FAUX,243.054,VRAI,FAUX,Leisure
735,Wolfgang,Kirton,Male,43,VRAI,278.16,VRAI,FAUX,Leisure
736,Casey,Snadden,Male,57,FAUX,191.816,VRAI,FAUX,Business
737,Woodie,Kinsley,Male,41,FAUX,276.186,VRAI,VRAI,Business
738,Eachelle,Maddock,Female,35,FAUX,195.84,VRAI,VRAI,Business
739,Isaac,Borland,Male,79,FAUX,138.15,VRAI,VRAI,Leisure
740,Gothart,Broggetti,Male,20,VRAI,187.336,FAUX,FAUX,Leisure
741,Ailee,Tuckley,Female,47,FAUX,160.28,VRAI,FAUX,Leisure
742,Ewan,Griffitts,Male,38,FAUX,180.93,FAUX,FAUX,Business
743,Nealy,Ridgers,Male,49,FAUX,302.481,VRAI,FAUX,Leisure
744,Bronnie,Coolahan,Male,25,FAUX,247.248,FAUX,FAUX,Business
745,Blakeley,Rymer,Female,38,FAUX,87.04,VRAI,VRAI,Business
746,Angeli,Geard,Male,78,FAUX,209.208,FAUX,FAUX,Leisure
747,Lilah,Brandes,Female,59,FAUX,175.984,FAUX,FAUX,Leisure
748,Brannon,O'Caherny,Male,43,FAUX,300.087,VRAI,FAUX,Business
749,Darrell,Hatfield,Male,50,FAUX,164.232,VRAI,FAUX,Leisure
750,Duffy,Gaytor,Male,33,FAUX,133.36,VRAI,VRAI,Business
751,Alaric,Farnham,Male,46,FAUX,271.392,FAUX,FAUX,Business
752,Jethro,Harpin,Male,60,FAUX,348.964,VRAI,FAUX,Business
753,Linc,Casarili,Male,87,VRAI,188.853,VRAI,VRAI,Leisure
754,Cordula,Buntin,Female,76,FAUX,214.408,VRAI,FAUX,Leisure
755,Reagan,Ritzman,Male,19,FAUX,164.5,FAUX,FAUX,Business
756,Ulick,Jane,Male,75,FAUX,176.328,VRAI,VRAI,Business
757,Renado,Brundale,Male,37,VRAI,298.062,FAUX,VRAI,Leisure
758,Arri,Crosi,Male,20,FAUX,101.15,FAUX,FAUX,Leisure
759,Adele,Haill,Female,23,FAUX,161.73,FAUX,FAUX,Leisure
760,Shandee,Coghlan,Female,41,FAUX,193.668,VRAI,VRAI,Business
761,Terry,Birks,Male,49,FAUX,217.512,FAUX,FAUX,Leisure
762,Chelsea,Teasdale,Female,97,VRAI,167.196,FAUX,FAUX,Business
763,Conway,Koopman,Male,50,FAUX,298.092,FAUX,FAUX,Business
764,Krishna,Cardinal,Male,95,VRAI,168.889,VRAI,VRAI,Business
765,Rowland,Fosserd,Male,35,VRAI,274.68,VRAI,FAUX,Leisure
766,Alidia,Hemshall,Female,43,VRAI,238.931,VRAI,VRAI,Business
767,Lucille,Jeves,Female,65,FAUX,226.91,FAUX,FAUX,Business
768,Billie,Langdon,Male,28,FAUX,173.369,FAUX,FAUX,Leisure
769,Dell,Hambatch,Female,34,VRAI,217.6,VRAI,VRAI,Leisure
770,Carmencita,Weeds,Female,30,FAUX,87.04,FAUX,FAUX,Business
771,Karoline,Sinnott,Female,84,FAUX,101.832,VRAI,VRAI,Leisure
772,Otis,Parrington,Male,56,FAUX,362.853,VRAI,VRAI,Leisure
773,Celisse,Maycock,Female,53,FAUX,273.64,VRAI,VRAI,Leisure
774,Roana,Brookhouse,Female,18,FAUX,113.645,FAUX,FAUX,Leisure
775,Ulises,Killich,Male,58,VRAI,342.146,VRAI,VRAI,Business
776,Sioux,Floch,Female,54,FAUX,367.34,VRAI,VRAI,Business
777,Noby,Heinicke,Male,50,FAUX,198.964,VRAI,VRAI,Business
778,Sean,Briatt,Male,42,VRAI,234.594,VRAI,VRAI,Leisure
779,Carolyn,Clyburn,Female,92,VRAI,233.3,VRAI,FAUX,Leisure
780,Zonda,Sanders,Female,48,FAUX,166.995,VRAI,FAUX,Leisure
781,Cesar,Marcinkus,Male,31,FAUX,133.416,FAUX,FAUX,Leisure
782,Aigneis,Theakston,Female,36,FAUX,174.08,FAUX,FAUX,Business
783,Danette,Walsh,Female,56,FAUX,216.86,VRAI,FAUX,Leisure
784,Konstanze,Holligan,Female,71,FAUX,249.273,VRAI,FAUX,Leisure
785,Creigh,Molen,Male,21,VRAI,111.372,FAUX,FAUX,Business
786,Ezra,Quartly,Male,81,FAUX,108.28,VRAI,VRAI,Business
787,Gwenora,Dalligan,Female,49,FAUX,186.018,VRAI,VRAI,Leisure
788,Darwin,Lanning,Male,51,FAUX,330.432,FAUX,FAUX,Business
789,Pincus,Pulham,Male,76,FAUX,114.98,FAUX,FAUX,Business
790,Kirsten,Sheircliffe,Female,90,VRAI,88.548,VRAI,FAUX,Leisure
791,Johanna,Fenty,Female,47,FAUX,295.26,FAUX,FAUX,Leisure
792,Madelaine,Strelitzki,Female,20,VRAI,137.872,FAUX,FAUX,Leisure
793,Edita,Giorgiutti,Female,22,VRAI,199.719,FAUX,FAUX,Leisure
794,Ginevra,Hutchison,Female,57,FAUX,269.388,VRAI,FAUX,Business
795,Margot,Maleney,Female,98,FAUX,168.469,VRAI,FAUX,Leisure
796,Elvira,Allmann,Female,53,FAUX,208.884,FAUX,FAUX,Leisure
797,Eudora,Reekie,Female,52,FAUX,421.51,VRAI,VRAI,Business
798,Ursuline,Luther,Female,45,FAUX,287.272,VRAI,FAUX,Leisure
799,Cynde,Orbine,Female,55,FAUX,259.574,VRAI,VRAI,Business
800,Job,McVie,Male,24,FAUX,201.348,VRAI,VRAI,Business
801,Tiffanie,Warbey,Female,53,FAUX,342.53,VRAI,VRAI,Leisure
802,Maurizia,Veld,Female,93,VRAI,158.07,VRAI,VRAI,Business
803,Beverlie,Klarzynski,Female,45,VRAI,189.048,VRAI,VRAI,Leisure
804,Mattias,Phebee,Male,49,FAUX,248.29,VRAI,VRAI,Business
805,Tommy,Fansy,Male,38,FAUX,123.5,VRAI,VRAI,Leisure
806,Hailee,Stodd,Female,44,FAUX,206.4,VRAI,VRAI,Business
807,Erasmus,Slewcock,Male,54,FAUX,319.904,VRAI,VRAI,Leisure
808,Lin,Coot,Female,97,VRAI,106.465,VRAI,VRAI,Business
809,Teddy,Villaron,Female,21,FAUX,202.97,FAUX,FAUX,Leisure
810,Galven,Glayzer,Male,92,VRAI,147.091,VRAI,VRAI,Business
811,Rey,Antonognoli,Female,74,FAUX,190.939,VRAI,VRAI,Business
812,Dag,Criag,Male,90,VRAI,100.508,FAUX,FAUX,Leisure
813,Cos,Tebb,Male,30,FAUX,112.472,VRAI,VRAI,Business
814,Hilly,Ducroe,Male,18,FAUX,230.08,VRAI,FAUX,Business
815,Dorry,Minnock,Female,86,VRAI,220.35,VRAI,VRAI,Leisure
816,Sophronia,Derr,Female,97,VRAI,119.685,VRAI,VRAI,Leisure
817,Flemming,Rawlings,Male,36,FAUX,263.51,VRAI,FAUX,Leisure
818,Ruddy,Iacovone,Male,32,FAUX,254.176,VRAI,VRAI,Leisure
819,Chelsea,Villa,Female,51,FAUX,265.884,VRAI,FAUX,Business
820,Angelle,Harradine,Female,56,FAUX,224.51,VRAI,VRAI,Business
821,Lainey,Balassa,Female,80,FAUX,204.46,VRAI,VRAI,Business
822,Kennie,Aiers,Male,54,VRAI,354.888,FAUX,FAUX,Business
823,Shelia,Hurdedge,Female,86,VRAI,226.656,VRAI,FAUX,Business
824,Lee,Wenn,Female,42,FAUX,322.896,VRAI,VRAI,Leisure
825,Fran,Harriday,Male,31,FAUX,178.338,VRAI,FAUX,Business
826,Myrtice,Blazewicz,Female,45,FAUX,381.98,VRAI,VRAI,Business
827,Elwin,Ghidini,Male,30,VRAI,245.466,VRAI,VRAI,Business
828,Orton,Jahnisch,Male,23,VRAI,192.456,FAUX,FAUX,Business
829,Goldie,Dodds,Female,94,VRAI,148.26,VRAI,VRAI,Leisure
830,Lavina,Benbough,Female,41,FAUX,304.003,VRAI,VRAI,Business
831,Garnet,Jemmison,Female,43,FAUX,260.904,VRAI,VRAI,Business
832,Heddi,Blockey,Female,79,FAUX,153.942,VRAI,VRAI,Business
833,Yorgos,Hindsberg,Male,26,FAUX,202.696,FAUX,FAUX,Business
834,Dode,Whittlesee,Female,38,FAUX,174.08,VRAI,FAUX,Business
835,Lidia,Gourdon,Female,52,FAUX,275.107,VRAI,FAUX,Business
836,Bibbie,Stoppe,Female,89,FAUX,143.5,VRAI,VRAI,Leisure
837,Reeva,Triggel,Female,49,VRAI,312.662,VRAI,FAUX,Business
838,Ruddy,McIlvoray,Male,47,FAUX,215.698,VRAI,VRAI,Business
839,Gardie,Ivanaev,Male,23,FAUX,78.512,FAUX,FAUX,Business
840,Waly,Lghan,Female,85,FAUX,138.7,VRAI,VRAI,Leisure
841,Delmer,Braunle,Male,22,FAUX,131.383,FAUX,FAUX,Business
842,Alasteir,Lambregts,Male,50,FAUX,262.423,VRAI,VRAI,Leisure
843,Jordan,Figliovanni,Female,46,FAUX,242.592,VRAI,VRAI,Leisure
844,Rhoda,Robinet,Female,38,FAUX,87.04,VRAI,FAUX,Business
845,Estell,Gravenell,Female,42,FAUX,439.83,VRAI,VRAI,Leisure
846,Jehanna,Acory,Female,29,FAUX,229.21,FAUX,FAUX,Business
847,Rriocard,Boyington,Male,47,FAUX,307.895,VRAI,VRAI,Leisure
848,Celisse,Daughtrey,Female,51,FAUX,197.592,VRAI,VRAI,Business
849,Fitzgerald,Tramel,Male,24,FAUX,133.242,FAUX,FAUX,Leisure
850,Tresa,Skynner,Female,24,FAUX,88.508,FAUX,FAUX,Business
851,Jesselyn,Gorcke,Female,40,VRAI,241.935,VRAI,VRAI,Leisure
852,Jeanna,Vasyukhin,Female,55,FAUX,216.18,VRAI,FAUX,Business
853,Daisie,Twine,Female,66,FAUX,423.171,VRAI,VRAI,Leisure
854,Sheila-kathryn,Bowcher,Female,77,FAUX,180.36,VRAI,FAUX,Leisure
855,Ethelbert,Rosellini,Male,59,FAUX,407.38,VRAI,FAUX,Leisure
856,Rawley,Severwright,Male,38,FAUX,166.512,VRAI,VRAI,Leisure
857,Frannie,Blackmuir,Female,40,FAUX,244.84,FAUX,VRAI,Leisure
858,Torrin,Strother,Male,22,FAUX,184.077,VRAI,FAUX,Leisure
859,Libby,Wardroper,Female,50,FAUX,155.09,FAUX,FAUX,Business
860,Sharlene,Dragoe,Female,19,FAUX,91.18,FAUX,FAUX,Leisure
861,Patin,Fewster,Male,51,FAUX,254.224,FAUX,VRAI,Business
862,Tod,Bontine,Male,86,VRAI,100.568,VRAI,VRAI,Leisure
863,Judith,Haylock,Female,39,FAUX,152.32,VRAI,VRAI,Leisure
864,Ganny,Bools,Male,47,VRAI,186.03,VRAI,VRAI,Leisure
865,Pavlov,Sivil,Male,81,FAUX,106.808,VRAI,VRAI,Leisure
866,Anne,Mullard,Female,26,FAUX,173.856,VRAI,FAUX,Leisure
867,Rozanne,Tippell,Female,27,FAUX,89.78,FAUX,FAUX,Business
868,Timmie,Doiley,Female,36,FAUX,130.56,VRAI,VRAI,Business
869,Thorvald,Chittenden,Male,48,FAUX,323.988,VRAI,VRAI,Business
870,Weylin,Demageard,Male,43,VRAI,215.29,FAUX,FAUX,Leisure
871,Merrielle,Daniells,Female,78,FAUX,142.464,FAUX,FAUX,Business
872,Bernadette,Snowball,Female,26,FAUX,113.136,FAUX,FAUX,Leisure
873,Enrique,Verson,Male,52,FAUX,206.562,FAUX,FAUX,Business
874,Claudell,Schiell,Male,44,FAUX,355.216,VRAI,VRAI,Leisure
875,Archambault,d'Arcy,Male,29,FAUX,194.922,VRAI,FAUX,Leisure
876,Wendye,Gloucester,Female,60,FAUX,263.298,FAUX,FAUX,Business
877,Callie,Minchinden,Female,78,FAUX,201.23,VRAI,VRAI,Leisure
878,Anthea,Nickless,Female,29,VRAI,187.29,FAUX,VRAI,Leisure
879,Collie,Clilverd,Female,31,FAUX,174.08,VRAI,VRAI,Business
880,Gage,Killelea,Male,53,FAUX,354.944,VRAI,FAUX,Business
881,Reinald,Cattellion,Male,32,FAUX,160.515,FAUX,FAUX,Leisure
882,Tandy,Fancourt,Female,83,FAUX,110.912,VRAI,VRAI,Leisure
883,Augustus,Dimond,Male,33,FAUX,149.98,VRAI,VRAI,Leisure
884,Katuscha,Cartman,Female,19,FAUX,75,FAUX,FAUX,Business
885,Sig,Erlam,Male,36,FAUX,192.462,VRAI,FAUX,Business
886,Deerdre,Toyer,Female,26,FAUX,91.444,FAUX,FAUX,Leisure
887,Genni,Pallaske,Female,42,FAUX,437.679,VRAI,VRAI,Business
888,Marsh,Foystone,Male,20,FAUX,197.048,FAUX,FAUX,Business
889,Bo,Gittens,Male,68,FAUX,145.452,VRAI,VRAI,Leisure
890,De witt,Grundey,Male,38,VRAI,172.848,VRAI,VRAI,Business
891,Alvera,Rydeard,Female,24,FAUX,209.115,FAUX,FAUX,Business
892,Roman,Zywicki,Male,80,FAUX,271.43,VRAI,VRAI,Leisure
893,Alex,Peschke,Male,59,FAUX,471.56,VRAI,VRAI,Business
894,Juan,Helis,Male,58,FAUX,392.409,VRAI,VRAI,Business
895,Linus,Brownsey,Male,97,FAUX,153.99,VRAI,VRAI,Leisure
896,Eugenius,Scorrer,Male,32,FAUX,156.246,FAUX,FAUX,Business
897,Jenni,Von Der Empten,Female,40,VRAI,388.062,VRAI,VRAI,Leisure
898,Alphonse,Conningham,Male,93,VRAI,147.882,VRAI,VRAI,Business
899,Genni,Hanwell,Female,76,FAUX,124.265,VRAI,VRAI,Business
900,Nerte,Wimlet,Female,32,FAUX,108.8,VRAI,FAUX,Leisure
901,Shane,Dubose,Female,75,FAUX,105.905,FAUX,FAUX,Leisure
902,Neala,Santus,Female,55,FAUX,233.443,VRAI,VRAI,Leisure
903,Issiah,Eynaud,Male,18,FAUX,97.305,FAUX,FAUX,Business
904,Rana,Mahody,Female,43,VRAI,169.28,VRAI,VRAI,Leisure
905,Helen,Dorsey,Female,90,VRAI,169.519,VRAI,VRAI,Leisure
906,Carl,Scrimshire,Male,92,VRAI,184.12,FAUX,FAUX,Leisure
907,Arv,Mackie,Male,35,FAUX,241.312,FAUX,FAUX,Business
908,Fraser,Yaakov,Male,87,FAUX,90.896,VRAI,FAUX,Business
909,Sylas,Elner,Male,41,FAUX,287.226,VRAI,VRAI,Business
910,Claiborn,Lancashire,Male,97,FAUX,174.881,VRAI,VRAI,Leisure
911,Ulrika,Boykett,Female,53,FAUX,136.444,VRAI,VRAI,Business
912,Leda,Le Gallo,Female,57,FAUX,210.108,VRAI,VRAI,Leisure
913,Bradley,Barrable,Male,45,VRAI,197.685,VRAI,VRAI,Leisure
914,Robby,Bantham,Male,61,FAUX,218.466,VRAI,VRAI,Leisure
915,Balduin,Hugenin,Male,98,VRAI,146.979,VRAI,VRAI,Business
916,Jacob,Fennessy,Male,55,FAUX,197.696,VRAI,VRAI,Leisure
917,Minda,Lumsdon,Female,21,VRAI,231.71,FAUX,FAUX,Leisure
918,Harriette,Sambiedge,Female,30,VRAI,152.32,FAUX,FAUX,Leisure
919,Nerta,Fishe,Female,72,FAUX,131.13,VRAI,FAUX,Business
920,Nicol,Merigeau,Male,53,VRAI,241.983,FAUX,FAUX,Leisure
921,Clint,Handrik,Male,20,FAUX,96.78,FAUX,FAUX,Business
922,Helli,Hawthorn,Female,94,VRAI,160.02,VRAI,VRAI,Business
923,Enrica,Monier,Female,40,FAUX,365.544,FAUX,FAUX,Business
924,Ced,Fazackerley,Male,49,VRAI,233.175,VRAI,VRAI,Business
925,Moreen,Marconi,Female,66,FAUX,478.94,VRAI,VRAI,Leisure
926,Hayyim,Rawls,Male,53,FAUX,243.18,VRAI,VRAI,Business
927,Aubree,McConnell,Female,37,FAUX,217.6,VRAI,FAUX,Leisure
928,Karlen,Moylane,Female,42,FAUX,292.736,VRAI,FAUX,Business
929,Marchelle,Hambright,Female,23,VRAI,173.91,VRAI,VRAI,Leisure
930,Carissa,Horche,Female,35,FAUX,152.32,VRAI,VRAI,Business
931,Bastian,Brooke,Male,45,FAUX,407.403,VRAI,VRAI,Business
932,Rina,Imbrey,Female,61,FAUX,151.85,VRAI,VRAI,Business
933,Zacharia,Wateridge,Male,41,FAUX,157.064,VRAI,VRAI,Leisure
934,Orazio,Dukes,Male,38,VRAI,299.889,VRAI,FAUX,Business
935,Orella,Fante,Female,98,FAUX,135.3,FAUX,FAUX,Leisure
936,Rochette,Wessing,Female,53,FAUX,229.593,VRAI,FAUX,Leisure
937,Livvyy,Flory,Female,74,FAUX,155.676,VRAI,VRAI,Leisure
938,Tymon,Skellorne,Male,29,FAUX,104.285,FAUX,FAUX,Business
939,Lilias,Hardi,Female,37,FAUX,152.32,FAUX,FAUX,Leisure
940,Adina,Varty,Female,20,FAUX,167.904,FAUX,FAUX,Business
941,Gonzalo,Kenryd,Male,86,VRAI,146.111,VRAI,FAUX,Leisure
942,Adina,Climson,Female,56,FAUX,259.17,VRAI,VRAI,Leisure
943,Ginnie,Carnie,Female,62,FAUX,231.049,VRAI,VRAI,Business
944,Crysta,Maciejak,Female,26,FAUX,243.82,VRAI,FAUX,Leisure
945,Tallie,McElrea,Male,57,FAUX,216.496,VRAI,VRAI,Leisure
946,Ilene,Greeve,Female,71,FAUX,215.704,VRAI,VRAI,Business
947,Papageno,Cisneros,Male,41,FAUX,239.435,VRAI,VRAI,Business
948,Osbert,Poker,Male,20,FAUX,187.075,FAUX,FAUX,Business
949,Hillel,McCurley,Male,99,VRAI,269.67,VRAI,VRAI,Leisure
950,Jed,Heams,Male,64,FAUX,447.579,VRAI,VRAI,Business
951,Clarette,Skillington,Female,44,FAUX,380.034,VRAI,FAUX,Leisure
952,Evvie,Bauckham,Female,69,FAUX,101.208,VRAI,VRAI,Leisure
953,Garret,Baskeyfied,Male,49,FAUX,186.476,VRAI,VRAI,Leisure
954,Leyla,Bettington,Female,24,FAUX,96.872,FAUX,FAUX,Leisure
955,Justina,Matyugin,Female,59,FAUX,279.671,VRAI,VRAI,Leisure
956,Eileen,Caulton,Female,59,FAUX,224.52,VRAI,FAUX,Business
957,Afton,Czajkowski,Female,47,FAUX,412.65,VRAI,FAUX,Leisure
958,Jacki,Lidell,Female,28,FAUX,161.469,FAUX,FAUX,Business
959,Gwenette,Jindrich,Female,51,FAUX,294.162,VRAI,VRAI,Business
960,Carolus,Greenough,Male,35,FAUX,195.16,VRAI,VRAI,Leisure
961,Horton,Serjent,Male,42,FAUX,124.12,VRAI,VRAI,Leisure
962,Nefen,Glaserman,Male,98,VRAI,103.365,VRAI,VRAI,Leisure
963,Alethea,Pattrick,Female,50,FAUX,274.68,VRAI,FAUX,Leisure
964,Osbourne,Tindle,Male,90,VRAI,149.009,VRAI,VRAI,Leisure
965,Vina,Sutherley,Female,18,FAUX,196.2,FAUX,FAUX,Leisure
966,Nicolai,Folling,Male,52,FAUX,244.78,VRAI,VRAI,Business
967,Lou,Croix,Male,54,FAUX,161.525,VRAI,VRAI,Leisure
968,Pren,Shotboulte,Male,31,FAUX,253.208,FAUX,FAUX,Leisure
969,Selene,Schimank,Female,48,FAUX,430.857,VRAI,VRAI,Leisure
970,Hewie,Corgenvin,Male,27,FAUX,116.435,FAUX,FAUX,Leisure
971,Caitlin,Arkil,Female,51,VRAI,159.544,VRAI,VRAI,Business
972,Mathe,Beedom,Male,90,VRAI,215.464,VRAI,FAUX,Business
973,Dion,Blaxley,Female,56,VRAI,162.364,VRAI,VRAI,Business
974,Natasha,Lorrie,Female,28,FAUX,112.02,FAUX,FAUX,Leisure
975,Christina,Frondt,Female,68,FAUX,166.704,VRAI,VRAI,Leisure
976,Wally,Boston,Male,52,FAUX,225.006,VRAI,FAUX,Business
977,Iggy,Carrell,Male,46,VRAI,155.532,VRAI,FAUX,Leisure
978,Rennie,Maypother,Female,21,FAUX,74.38,FAUX,FAUX,Business
979,Riordan,Greeno,Male,50,FAUX,294.504,VRAI,FAUX,Business
980,Ford,Luckings,Male,89,VRAI,88.216,VRAI,VRAI,Leisure
981,Ferrel,Gettins,Male,98,VRAI,186.641,FAUX,FAUX,Business
982,Sally,Riccardelli,Female,41,VRAI,269.542,VRAI,VRAI,Leisure
983,Georgianne,Orro,Female,43,FAUX,240.384,VRAI,VRAI,Leisure
984,Hilliary,Arnke,Female,94,VRAI,101.975,VRAI,VRAI,Business
985,Hailee,Lowis,Female,68,FAUX,169.28,VRAI,VRAI,Business
986,Otes,O' Timony,Male,24,VRAI,91.5,FAUX,FAUX,Leisure
987,Warner,Pierpoint,Male,94,FAUX,94.812,VRAI,FAUX,Leisure
988,Natty,Braley,Female,36,VRAI,87.04,VRAI,VRAI,Business
989,Evelyn,Joiris,Male,99,VRAI,193.081,VRAI,VRAI,Leisure
990,Charita,Martinson,Female,29,FAUX,206.02,VRAI,FAUX,Business
991,Bernardo,Loyns,Male,26,FAUX,236.286,FAUX,FAUX,Leisure
992,Nils,Willers,Male,92,VRAI,168.032,VRAI,FAUX,Business
993,Ashlen,Mould,Female,20,FAUX,102.4,FAUX,FAUX,Business
994,Ardella,Fallon,Female,77,FAUX,228.04,VRAI,VRAI,Leisure
995,Collete,Abrahamsson,Female,57,FAUX,323.03,VRAI,VRAI,Business
996,Delmor,Mc Gaughey,Male,67,FAUX,207.368,VRAI,VRAI,Leisure
997,Cole,Terrett,Male,46,FAUX,442.78,VRAI,VRAI,Leisure
998,Arly,Emberton,Female,30,FAUX,152.32,FAUX,FAUX,Business
999,Shari,Stockman,Female,33,VRAI,195.84,VRAI,FAUX,Business